Rk,Player,Year,Age,Tm,Att,Yds,Y/A,TD,Y/G
1,Lamar Jackson,2019,22,BAL,176,1206,6.85,7,80.4
34,Kyler Murray,2019,22,ARI,93,544,5.85,4,34
42,Josh Allen,2019,23,BUF,109,510,4.68,9,31.9
73,Deshaun Watson,2019,24,HOU,82,413,5.04,7,27.5
103,Gardner Minshew II,2019,23,JAX,67,344,5.13,0,24.6
106,Russell Wilson,2019,31,SEA,75,342,4.56,3,21.4
160,Daniel Jones,2019,22,NYG,45,279,6.2,2,21.5
164,Dak Prescott,2019,26,DAL,52,277,5.33,3,17.3
210,Jameis Winston,2019,25,TAM,59,250,4.24,1,15.6
218,Ryan Fitzpatrick,2019,37,MIA,54,243,4.5,4,16.2
219,Carson Wentz,2019,27,PHI,62,243,3.92,1,15.2
248,Jacoby Brissett,2019,27,IND,56,228,4.07,4,15.2
264,Patrick Mahomes,2019,24,KAN,43,218,5.07,2,15.6
312,Mitchell Trubisky,2019,25,CHI,48,193,4.02,2,12.9
338,Ryan Tannehill,2019,31,TEN,43,185,4.3,4,15.4
345,Aaron Rodgers,2019,36,GNB,46,183,3.98,1,11.4
437,Jeff Driskel,2019,26,DET,22,151,6.86,1,50.3
459,Matt Ryan,2019,34,ATL,34,147,4.32,1,9.8
490,Baker Mayfield,2019,24,CLE,28,141,5.04,3,8.8
544,Marcus Mariota,2019,26,TEN,24,129,5.38,0,18.4
680,Kyle Allen,2019,23,CAR,32,106,3.31,2,8.2
718,Dwayne Haskins,2019,22,WAS,20,101,5.05,0,11.2
836,Derek Carr,2019,28,OAK,27,82,3.04,2,5.1
874,Ryan Finley,2019,25,CIN,10,77,7.7,0,25.7
901,Andy Dalton,2019,32,CIN,32,73,2.28,4,5.6
914,Drew Lock,2019,23,DEN,18,72,4,0,14.4
932,Robert Griffin III,2019,29,BAL,20,70,3.5,0,10
954,Devlin Hodges,2019,23,PIT,21,68,3.24,0,8.5
976,Matthew Stafford,2019,31,DET,20,66,3.3,0,8.3
11,Lamar Jackson,2018,21,BAL,147,695,4.73,5,43.4
17,Josh Allen,2018,22,BUF,89,631,7.09,8,52.6
32,Deshaun Watson,2018,23,HOU,99,551,5.57,5,34.4
47,Cam Newton,2018,29,CAR,101,488,4.83,4,34.9
65,Mitchell Trubisky,2018,24,CHI,68,421,6.19,3,30.1
82,Russell Wilson,2018,30,SEA,67,376,5.61,0,23.5
87,Blake Bortles,2018,26,JAX,58,365,6.29,1,28.1
94,Marcus Mariota,2018,25,TEN,64,357,5.58,2,25.5
136,Dak Prescott,2018,25,DAL,75,305,4.07,6,19.1
156,Jameis Winston,2018,24,TAM,49,281,5.73,1,25.5
171,Patrick Mahomes,2018,23,KAN,60,272,4.53,2,17
178,Aaron Rodgers,2018,35,GNB,43,269,6.26,2,16.8
308,Taysom Hill,2018,28,NOR,37,196,5.3,2,12.3
386,Alex Smith,2018,34,WAS,41,168,4.1,1,16.8
433,Ryan Fitzpatrick,2018,36,TAM,36,152,4.22,2,19
450,Andrew Luck,2018,29,IND,46,148,3.22,0,9.3
472,Ryan Tannehill,2018,30,MIA,32,145,4.53,0,13.2
508,Sam Darnold,2018,21,NYJ,44,138,3.14,1,10.6
514,Josh Rosen,2018,21,ARI,23,138,6,0,9.9
536,Baker Mayfield,2018,23,CLE,39,131,3.36,0,9.4
540,Jeff Driskel,2018,25,CIN,25,130,5.2,2,14.4
570,Matt Ryan,2018,33,ATL,33,125,3.79,3,7.8
571,Tyrod Taylor,2018,29,CLE,16,125,7.81,1,31.3
581,Kirk Cousins,2018,30,MIN,44,123,2.8,1,7.7
584,Cody Kessler,2018,25,JAX,19,123,6.47,0,24.6
598,Josh Johnson,2018,32,WAS,23,120,5.22,1,30
665,Jared Goff,2018,24,LAR,43,108,2.51,2,6.8
726,Andy Dalton,2018,31,CIN,16,99,6.19,0,9
741,Ben Roethlisberger,2018,36,PIT,31,98,3.16,3,6.1
763,Case Keenum,2018,30,DEN,26,93,3.58,2,5.8
768,Carson Wentz,2018,26,PHI,34,93,2.74,0,8.5
923,Matthew Stafford,2018,30,DET,25,71,2.84,0,4.4
942,C.J. Beathard,2018,25,SFO,19,69,3.63,1,11.5
8,Cam Newton,2017,28,CAR,139,754,5.42,6,47.1
24,Russell Wilson,2017,29,SEA,95,586,6.17,3,36.6
62,Tyrod Taylor,2017,28,BUF,84,427,5.08,4,28.5
67,DeShone Kizer,2017,21,CLE,77,419,5.44,5,27.9
95,Dak Prescott,2017,24,DAL,57,357,6.26,6,22.3
98,Alex Smith,2017,33,KAN,60,355,5.92,1,23.7
115,Blake Bortles,2017,25,JAX,57,322,5.65,2,20.1
126,Marcus Mariota,2017,24,TEN,60,312,5.2,5,20.8
142,Carson Wentz,2017,25,PHI,64,299,4.67,0,23
175,Brett Hundley,2017,24,GNB,36,270,7.5,2,24.5
179,Deshaun Watson,2017,22,HOU,36,269,7.47,2,38.4
186,Jacoby Brissett,2017,25,IND,63,260,4.13,4,16.3
215,Mitchell Trubisky,2017,23,CHI,41,248,6.05,2,20.7
349,Kirk Cousins,2017,29,WAS,49,179,3.65,4,11.2
400,Case Keenum,2017,29,MIN,40,160,4,1,10.7
479,Matt Ryan,2017,32,ATL,32,143,4.47,0,8.9
518,C.J. Beathard,2017,24,SFO,26,136,5.23,3,19.4
523,Jameis Winston,2017,23,TAM,33,135,4.09,1,10.4
557,Trevor Siemian,2017,26,DEN,31,127,4.1,1,11.5
562,Aaron Rodgers,2017,34,GNB,24,126,5.25,0,18
579,Josh McCown,2017,38,NYJ,37,124,3.35,5,9.5
725,Andy Dalton,2017,30,CIN,38,99,2.61,0,6.2
743,Matthew Stafford,2017,29,DET,29,98,3.38,0,6.1
837,Blaine Gabbert,2017,28,ARI,23,82,3.57,0,16.4
885,Ryan Fitzpatrick,2017,35,TAM,16,76,4.75,0,12.7
920,Kevin Hogan,2017,25,CLE,10,71,7.1,0,17.8
967,Derek Carr,2017,26,OAK,23,66,2.87,0,4.4
999,Brock Osweiler,2017,27,DEN,14,64,4.57,1,10.7
26,Tyrod Taylor,2016,27,BUF,95,580,6.11,6,38.7
55,Colin Kaepernick,2016,29,SFO,69,468,6.78,2,39
84,Aaron Rodgers,2016,33,GNB,67,369,5.51,4,23.1
90,Blake Bortles,2016,24,JAX,58,359,6.19,3,22.4
91,Cam Newton,2016,27,CAR,90,359,3.99,5,23.9
101,Marcus Mariota,2016,23,TEN,60,349,5.82,2,23.3
107,Andrew Luck,2016,27,IND,64,341,5.33,2,22.7
154,Dak Prescott,2016,23,DAL,57,282,4.95,6,17.6
189,Russell Wilson,2016,28,SEA,72,259,3.6,1,16.2
287,Matthew Stafford,2016,28,DET,37,207,5.59,2,12.9
321,Robert Griffin III,2016,26,CLE,31,190,6.13,2,38
339,Andy Dalton,2016,29,CIN,46,184,4,4,11.5
366,Blaine Gabbert,2016,27,SFO,40,173,4.33,2,28.8
390,Jameis Winston,2016,22,TAM,53,165,3.11,1,10.3
391,Ryan Tannehill,2016,28,MIA,39,164,4.21,1,12.6
443,Carson Wentz,2016,24,PHI,46,150,3.26,2,9.4
525,Alex Smith,2016,32,KAN,48,134,2.79,5,8.9
537,Brock Osweiler,2016,26,HOU,30,131,4.37,2,8.7
541,Ryan Fitzpatrick,2016,34,NYJ,33,130,3.94,0,9.3
618,Matt Ryan,2016,31,ATL,35,117,3.34,0,7.3
687,Kevin Hogan,2016,24,CLE,8,105,13.13,1,26.3
749,Kirk Cousins,2016,28,WAS,34,96,2.82,4,6
827,Jacoby Brissett,2016,24,NWE,16,83,5.19,1,27.7
929,Derek Carr,2016,25,OAK,39,70,1.79,0,4.7
988,Tom Brady,2016,39,NWE,28,64,2.29,0,5.3
16,Cam Newton,2015,26,CAR,132,636,4.82,10,39.8
28,Tyrod Taylor,2015,26,BUF,104,568,5.46,4,40.6
30,Russell Wilson,2015,27,SEA,103,553,5.37,1,34.6
44,Alex Smith,2015,31,KAN,84,498,5.93,2,31.1
104,Aaron Rodgers,2015,32,GNB,58,344,5.93,1,21.5
128,Blake Bortles,2015,23,JAX,52,310,5.96,2,19.4
174,Ryan Fitzpatrick,2015,33,NYJ,60,270,4.5,2,16.9
197,Colin Kaepernick,2015,28,SFO,45,256,5.69,1,28.4
207,Marcus Mariota,2015,22,TEN,34,252,7.41,2,21
244,Johnny Manziel,2015,23,CLE,37,230,6.22,0,25.6
274,Jameis Winston,2015,21,TAM,54,213,3.94,6,13.3
299,Jay Cutler,2015,32,CHI,38,201,5.29,1,13.4
309,Andrew Luck,2015,26,IND,33,196,5.94,0,28
313,Teddy Bridgewater,2015,23,MIN,44,192,4.36,3,12
336,Blaine Gabbert,2015,26,SFO,32,185,5.78,1,23.1
406,Matthew Stafford,2015,27,DET,44,159,3.61,1,9.9
480,Andy Dalton,2015,28,CIN,57,142,2.49,3,10.9
496,Ryan Tannehill,2015,27,MIA,32,141,4.41,1,8.8
507,Derek Carr,2015,24,OAK,33,138,4.18,0,8.6
731,Michael Vick,2015,35,PIT,20,99,4.95,0,19.8
737,Josh McCown,2015,36,CLE,20,98,4.9,1,12.3
864,Matt Cassel,2015,33,2TM,15,78,5.2,0,7.8
997,EJ Manuel,2015,25,BUF,17,64,3.76,1,9.1
5,Russell Wilson,2014,26,SEA,118,849,7.19,6,53.1
15,Colin Kaepernick,2014,27,SFO,104,639,6.14,1,39.9
36,Cam Newton,2014,25,CAR,103,539,5.23,5,38.5
66,Blake Bortles,2014,22,JAX,56,419,7.48,0,29.9
127,Ryan Tannehill,2014,26,MIA,56,311,5.55,1,19.4
169,Andrew Luck,2014,25,IND,64,273,4.27,3,17.1
177,Aaron Rodgers,2014,31,GNB,43,269,6.26,2,16.8
203,Alex Smith,2014,30,KAN,49,254,5.18,1,16.9
223,Geno Smith,2014,24,NYJ,59,238,4.03,1,17
280,Teddy Bridgewater,2014,22,MIN,47,209,4.45,1,16.1
318,Jay Cutler,2014,31,CHI,39,191,4.9,2,12.7
340,Ryan Fitzpatrick,2014,32,HOU,50,184,3.68,2,15.3
358,Robert Griffin III,2014,24,WAS,38,176,4.63,1,19.6
378,Andy Dalton,2014,27,CIN,60,169,2.82,4,10.6
430,Michael Vick,2014,34,NYJ,26,153,5.88,0,15.3
470,Matt Ryan,2014,29,ATL,29,145,5,0,9.1
483,Jake Locker,2014,26,TEN,22,142,6.45,1,20.3
555,Josh McCown,2014,35,TAM,25,127,5.08,3,11.5
713,Philip Rivers,2014,33,SDG,37,102,2.76,0,6.4
765,Matthew Stafford,2014,26,DET,43,93,2.16,2,5.8
769,Derek Carr,2014,23,OAK,29,92,3.17,0,5.8
784,Charlie Whitehurst,2014,32,TEN,20,90,4.5,0,12.9
809,Mark Sanchez,2014,28,PHI,34,87,2.56,1,9.7
931,Joe Flacco,2014,29,BAL,39,70,1.79,2,4.4
950,Drew Brees,2014,35,NOR,27,68,2.52,1,4.3
953,Nick Foles,2014,25,PHI,16,68,4.25,0,8.5
974,Colt McCoy,2014,28,WAS,16,66,4.13,1,13.2
25,Cam Newton,2013,24,CAR,111,585,5.27,6,36.6
27,Terrelle Pryor,2013,24,OAK,83,576,6.94,2,52.4
37,Russell Wilson,2013,25,SEA,96,539,5.61,1,33.7
41,Colin Kaepernick,2013,26,SFO,92,524,5.7,4,32.8
45,Robert Griffin III,2013,23,WAS,86,489,5.69,0,37.6
61,Alex Smith,2013,29,KAN,76,431,5.67,1,28.7
81,Andrew Luck,2013,24,IND,63,377,5.98,4,23.6
86,Geno Smith,2013,23,NYJ,72,366,5.08,6,22.9
135,Michael Vick,2013,33,PHI,36,306,8.5,2,43.7
224,Ryan Tannehill,2013,25,MIA,40,238,5.95,1,14.9
252,Ryan Fitzpatrick,2013,31,TEN,43,225,5.23,3,20.5
258,Nick Foles,2013,24,PHI,57,221,3.88,3,17
334,EJ Manuel,2013,23,BUF,53,186,3.51,2,18.6
343,Andy Dalton,2013,26,CIN,61,183,3,2,11.4
420,Jake Locker,2013,25,TEN,24,155,6.46,2,22.1
440,Christian Ponder,2013,25,MIN,34,151,4.44,4,16.8
535,Joe Flacco,2013,28,BAL,27,131,4.85,1,8.2
600,Aaron Rodgers,2013,30,GNB,30,120,4,0,13.3
608,Jay Cutler,2013,30,CHI,23,118,5.13,0,10.7
674,Jason Campbell,2013,32,CLE,14,107,7.64,0,11.9
730,Ben Roethlisberger,2013,31,PIT,27,99,3.67,1,6.2
877,Chad Henne,2013,28,JAX,27,77,2.85,0,5.1
913,Case Keenum,2013,25,HOU,14,72,5.14,1,9
916,Philip Rivers,2013,32,SDG,28,72,2.57,0,4.5
947,Josh McCown,2013,34,CHI,13,69,5.31,1,8.6
949,Matthew Stafford,2013,25,DET,37,69,1.86,2,4.3
980,Matt Flynn,2013,28,3TM,20,65,3.25,0,7.2
991,Kellen Clemens,2013,30,STL,23,64,2.78,0,6.4
6,Robert Griffin III,2012,22,WAS,120,815,6.79,7,54.3
9,Cam Newton,2012,23,CAR,127,741,5.83,8,46.3
46,Russell Wilson,2012,24,SEA,94,489,5.2,4,30.6
69,Colin Kaepernick,2012,25,SFO,63,415,6.59,5,31.9
111,Michael Vick,2012,32,PHI,62,332,5.35,1,33.2
146,Jake Locker,2012,24,TEN,41,291,7.1,1,26.5
188,Aaron Rodgers,2012,29,GNB,54,259,4.8,2,16.2
199,Andrew Luck,2012,23,IND,62,255,4.11,5,15.9
206,Christian Ponder,2012,24,MIN,60,253,4.22,2,15.8
236,Jay Cutler,2012,29,CHI,41,233,5.68,0,15.5
279,Ryan Tannehill,2012,24,MIA,49,211,4.31,2,13.2
305,Ryan Fitzpatrick,2012,30,BUF,48,197,4.1,1,12.3
464,Matt Cassel,2012,30,KAN,27,145,5.37,1,16.1
494,Matt Ryan,2012,27,ATL,34,141,4.15,1,8.8
501,Josh Freeman,2012,24,TAM,39,139,3.56,0,8.7
533,Alex Smith,2012,28,SFO,31,132,4.26,0,13.2
563,Matthew Stafford,2012,24,DET,35,126,3.6,4,7.9
574,Sam Bradford,2012,25,STL,36,124,3.44,1,7.8
595,Andy Dalton,2012,25,CIN,47,120,2.55,4,7.5
623,Brad Smith,2012,29,BUF,14,116,8.29,1,7.7
652,Brandon Weeden,2012,29,CLE,27,111,4.11,0,7.4
716,Tim Tebow,2012,25,NYJ,32,102,3.19,0,8.5
722,Kevin Kolb,2012,28,ARI,16,100,6.25,1,16.7
773,Ben Roethlisberger,2012,30,PIT,26,92,3.54,0,7.1
907,Tyrod Taylor,2012,23,BAL,14,73,5.21,1,10.4
975,Brady Quinn,2012,28,KAN,19,66,3.47,0,6.6
994,Chad Henne,2012,27,JAX,19,64,3.37,1,6.4
10,Cam Newton,2011,22,CAR,126,706,5.6,14,44.1
14,Tim Tebow,2011,24,DEN,122,660,5.41,6,47.1
23,Michael Vick,2011,31,PHI,76,589,7.75,1,45.3
196,Aaron Rodgers,2011,28,GNB,60,257,4.28,3,17.1
222,Josh Freeman,2011,23,TAM,55,238,4.33,4,15.9
260,Christian Ponder,2011,23,MIN,28,219,7.82,0,19.9
269,Ryan Fitzpatrick,2011,29,BUF,56,215,3.84,0,13.4
276,Colt McCoy,2011,25,CLE,61,212,3.48,0,16.3
353,Alex Smith,2011,27,SFO,52,179,3.44,2,11.2
432,Andy Dalton,2011,24,CIN,37,152,4.11,1,9.5
549,John Skelton,2011,23,ARI,28,128,4.57,0,16
642,Chad Henne,2011,26,MIA,15,112,7.47,1,28
659,Tom Brady,2011,34,NWE,43,109,2.53,3,6.8
668,Tarvaris Jackson,2011,28,SEA,40,108,2.7,1,7.2
679,Curtis Painter,2011,26,IND,17,107,6.29,0,11.9
701,Mark Sanchez,2011,25,NYJ,37,103,2.78,6,6.4
724,Matt Cassel,2011,29,KAN,25,99,3.96,0,11
734,Blaine Gabbert,2011,22,JAX,48,98,2.04,0,6.5
735,Caleb Hanie,2011,26,CHI,13,98,7.54,0,16.3
800,Joe Flacco,2011,26,BAL,39,88,2.26,1,5.5
810,Drew Brees,2011,32,NOR,21,86,4.1,1,5.4
824,Matt Ryan,2011,26,ATL,37,84,2.27,2,5.3
863,Vince Young,2011,28,PHI,18,79,4.39,0,13.2
868,Matthew Stafford,2011,23,DET,22,78,3.55,0,4.9
937,Ben Roethlisberger,2011,29,PIT,31,70,2.26,0,4.7
938,Seneca Wallace,2011,31,CLE,7,70,10,0,11.7
956,Josh McCown,2011,32,CHI,12,68,5.67,0,22.7
962,Josh Johnson,2011,25,TAM,11,67,6.09,0,7.4
983,Kevin Kolb,2011,27,ARI,17,65,3.82,0,7.2
986,Matt Moore,2011,27,MIA,32,65,2.03,2,5
12,Michael Vick,2010,30,PHI,100,676,6.76,9,56.3
88,Josh Freeman,2010,22,TAM,68,364,5.35,0,22.8
96,Aaron Rodgers,2010,27,GNB,64,356,5.56,4,23.7
141,Brad Smith,2010,27,NYJ,38,299,7.87,1,18.7
159,David Garrard,2010,32,JAX,66,279,4.23,5,19.9
176,Ryan Fitzpatrick,2010,28,BUF,40,269,6.73,0,20.7
238,Jay Cutler,2010,27,CHI,50,232,4.64,1,15.5
251,Tim Tebow,2010,23,DEN,43,227,5.28,6,25.2
257,Jason Campbell,2010,29,OAK,47,222,4.72,1,17.1
359,Ben Roethlisberger,2010,28,PIT,34,176,5.18,2,14.7
438,Donovan McNabb,2010,34,WAS,29,151,5.21,0,11.6
455,Jon Kitna,2010,38,DAL,31,147,4.74,1,14.7
520,Colt McCoy,2010,24,CLE,28,136,4.86,1,17
566,Matt Cassel,2010,28,KAN,33,125,3.79,0,8.3
572,Vince Young,2010,27,TEN,25,125,5,0,13.9
582,Shaun Hill,2010,30,DET,22,123,5.59,0,11.2
587,Matt Ryan,2010,25,ATL,46,122,2.65,0,7.6
594,Troy Smith,2010,26,SFO,23,121,5.26,1,20.2
639,Drew Stanton,2010,26,DET,18,113,6.28,1,18.8
690,Mark Sanchez,2010,24,NYJ,30,105,3.5,3,6.6
739,Kyle Orton,2010,28,DEN,22,98,4.45,0,7.5
821,Joe Flacco,2010,25,BAL,43,84,1.95,1,5.3
898,Stephen McGee,2010,25,DAL,13,74,5.69,0,37
908,Tyler Thigpen,2010,26,MIA,13,73,5.62,0,14.6
936,Eli Manning,2010,29,NYG,32,70,2.19,0,4.4
982,Kevin Kolb,2010,26,PHI,15,65,4.33,0,9.3
114,David Garrard,2009,31,JAX,77,323,4.19,3,20.2
122,Aaron Rodgers,2009,26,GNB,58,316,5.45,5,19.8
157,Vince Young,2009,26,TEN,55,281,5.11,2,23.4
227,Jason Campbell,2009,28,WAS,46,236,5.13,1,14.8
286,Brad Smith,2009,26,NYJ,18,207,11.5,1,15.9
326,Matt Cassel,2009,27,KAN,50,189,3.78,0,12.6
365,Jay Cutler,2009,26,CHI,40,173,4.33,1,10.8
398,Josh Freeman,2009,21,TAM,30,161,5.37,0,16.1
447,Josh Johnson,2009,23,TAM,22,148,6.73,0,24.7
488,Ryan Fitzpatrick,2009,27,BUF,31,141,4.55,1,14.1
498,Donovan McNabb,2009,33,PHI,37,140,3.78,2,10
602,Matt Hasselbeck,2009,34,SEA,26,119,4.58,0,8.5
666,Bruce Gradkowski,2009,26,OAK,18,108,6,0,15.4
672,Matthew Stafford,2009,21,DET,20,108,5.4,2,10.8
683,Trent Edwards,2009,26,BUF,14,106,7.57,0,13.3
685,Mark Sanchez,2009,23,NYJ,36,106,2.94,3,7.1
689,Tony Romo,2009,29,DAL,35,105,3,1,6.6
740,Brady Quinn,2009,25,CLE,20,98,4.9,1,9.8
759,Michael Vick,2009,29,PHI,24,95,3.96,2,7.9
764,Carson Palmer,2009,30,CIN,39,93,2.38,3,5.8
777,Daunte Culpepper,2009,32,DET,18,91,5.06,0,11.4
843,Ben Roethlisberger,2009,27,PIT,40,82,2.05,2,5.5
846,Pat White,2009,23,MIA,21,81,3.86,0,6.2
884,Kyle Boller,2009,28,STL,13,76,5.85,0,10.9
922,Kyle Orton,2009,27,DEN,24,71,2.96,0,4.4
933,Shaun Hill,2009,29,SFO,8,70,8.75,0,11.7
985,Eli Manning,2009,28,NYG,17,65,3.82,0,4.1
80,Tyler Thigpen,2008,24,KAN,62,386,6.23,3,27.6
116,David Garrard,2008,30,JAX,73,322,4.41,2,20.1
138,Ryan Fitzpatrick,2008,26,CIN,60,304,5.07,2,23.4
173,Matt Cassel,2008,26,NWE,73,270,3.7,2,16.9
190,Jason Campbell,2008,27,WAS,47,258,5.49,1,16.1
285,Aaron Rodgers,2008,25,GNB,56,207,3.7,4,12.9
300,Jay Cutler,2008,25,DEN,57,200,3.51,2,12.5
348,Joe Flacco,2008,23,BAL,52,180,3.46,2,11.3
446,Jeff Garcia,2008,38,TAM,35,148,4.23,1,12.3
456,Donovan McNabb,2008,32,PHI,39,147,3.77,2,9.2
466,Tarvaris Jackson,2008,25,MIN,26,145,5.58,0,16.1
469,J.T. O'Sullivan,2008,29,SFO,30,145,4.83,0,16.1
556,JaMarcus Russell,2008,23,OAK,17,127,7.47,1,8.5
615,Trent Edwards,2008,25,BUF,36,117,3.25,3,8.4
627,Shaun Hill,2008,28,SFO,24,115,4.79,2,12.8
638,Brad Smith,2008,25,NYJ,12,113,9.42,0,7.5
697,Matt Ryan,2008,23,ATL,55,104,1.89,1,6.5
719,Ben Roethlisberger,2008,26,PIT,34,101,2.97,2,6.3
823,Philip Rivers,2008,27,SDG,31,84,2.71,0,5.3
869,Seneca Wallace,2008,28,SEA,16,78,4.88,0,7.8
935,J.P. Losman,2008,27,BUF,12,70,5.83,2,14
944,Matt Hasselbeck,2008,33,SEA,11,69,6.27,0,9.9
959,Matt Schaub,2008,27,HOU,31,68,2.19,2,6.2
79,Vince Young,2007,24,TEN,93,395,4.25,3,26.3
187,Tarvaris Jackson,2007,24,MIN,54,260,4.81,3,21.7
229,Donovan McNabb,2007,31,PHI,50,236,4.72,0,16.9
291,Jay Cutler,2007,24,DEN,44,205,4.66,1,12.8
294,Ben Roethlisberger,2007,25,PIT,35,204,5.83,2,13.6
335,Jason Campbell,2007,26,WAS,36,185,5.14,1,14.2
337,David Garrard,2007,29,JAX,49,185,3.78,1,15.4
477,Josh McCown,2007,28,OAK,29,143,4.93,0,15.9
545,Tony Romo,2007,27,DAL,31,129,4.16,2,8.1
617,Luke McCown,2007,26,TAM,12,117,9.75,0,23.4
621,Jeff Garcia,2007,37,TAM,35,116,3.31,1,8.9
649,Kellen Clemens,2007,24,NYJ,27,111,4.11,1,11.1
658,J.P. Losman,2007,26,BUF,20,110,5.5,0,13.8
712,Cleo Lemon,2007,28,MIA,31,102,3.29,4,11.3
732,Tom Brady,2007,30,NWE,37,98,2.65,2,6.1
785,Kyle Boller,2007,26,BAL,19,89,4.68,0,7.4
790,Matt Hasselbeck,2007,32,SEA,39,89,2.28,0,5.6
797,Alex Smith,2007,23,SFO,13,89,6.85,0,12.7
928,Derek Anderson,2007,24,CLE,32,70,2.19,3,4.4
946,Eli Manning,2007,26,NYG,29,69,2.38,1,4.3
2,Michael Vick,2006,26,ATL,123,1039,8.45,2,64.9
31,Vince Young,2006,23,TEN,83,552,6.65,7,36.8
209,David Garrard,2006,28,JAX,47,250,5.32,0,22.7
270,Charlie Frye,2006,25,CLE,47,215,4.57,3,16.5
277,Donovan McNabb,2006,30,PHI,32,212,6.63,3,21.2
310,David Carr,2006,27,HOU,53,195,3.68,2,12.2
399,Bruce Gradkowski,2006,23,TAM,41,161,3.93,0,12.4
418,Jon Kitna,2006,34,DET,34,156,4.59,2,9.8
460,Alex Smith,2006,22,SFO,44,147,3.34,2,9.2
497,J.P. Losman,2006,25,BUF,38,140,3.68,1,8.8
575,Aaron Brooks,2006,30,OAK,22,124,5.64,0,15.5
588,Seneca Wallace,2006,26,SEA,12,122,10.17,0,15.3
606,Steve McNair,2006,33,BAL,45,119,2.64,1,7.4
645,Jake Plummer,2006,32,DEN,36,112,3.11,1,7
657,Matt Hasselbeck,2006,31,SEA,18,110,6.11,0,9.2
662,Chad Pennington,2006,30,NYJ,35,109,3.11,0,6.8
673,Jason Campbell,2006,25,WAS,24,107,4.46,0,15.3
704,Brad Smith,2006,23,NYJ,18,103,5.72,0,6.4
706,Tom Brady,2006,29,NWE,49,102,2.08,0,6.4
714,Tony Romo,2006,26,DAL,34,102,3,0,6.4
742,Ben Roethlisberger,2006,24,PIT,32,98,3.06,2,6.5
806,Jeff Garcia,2006,36,PHI,25,87,3.48,0,10.9
839,Brad Johnson,2006,38,MIN,29,82,2.83,1,5.5
878,Tarvaris Jackson,2006,23,MIN,15,77,5.13,1,19.3
22,Michael Vick,2005,25,ATL,102,597,5.85,6,39.8
131,David Carr,2005,26,HOU,56,308,5.5,1,19.3
155,Aaron Brooks,2005,29,NOR,45,281,6.24,2,21.6
369,David Garrard,2005,27,JAX,31,172,5.55,3,24.6
423,J.P. Losman,2005,24,BUF,31,154,4.97,0,17.1
439,Jake Plummer,2005,31,DEN,46,151,3.28,2,9.4
454,Daunte Culpepper,2005,28,MIN,24,147,6.13,1,21
504,Josh McCown,2005,26,ARI,29,139,4.79,0,15.4
505,Steve McNair,2005,32,TEN,32,139,4.34,1,9.9
522,Brooks Bollinger,2005,26,NYJ,35,135,3.86,0,12.3
577,Matt Hasselbeck,2005,30,SEA,36,124,3.44,1,7.8
611,Mike McMahon,2005,26,PHI,34,118,3.47,3,13.1
647,Mark Brunell,2005,35,WAS,42,111,2.64,0,6.9
703,Alex Smith,2005,21,SFO,30,103,3.43,0,11.4
786,Tom Brady,2005,28,NWE,27,89,3.3,1,5.6
838,Trent Green,2005,35,KAN,35,82,2.34,0,5.1
847,Joey Harrington,2005,27,DET,24,80,3.33,0,6.7
851,Eli Manning,2005,24,NYG,29,80,2.76,1,5
887,Matt Schaub,2005,24,ATL,9,76,8.44,0,4.8
948,Ben Roethlisberger,2005,23,PIT,31,69,2.23,3,5.8
960,Anthony Wright,2005,29,BAL,18,68,3.78,0,7.6
964,Byron Leftwich,2005,25,JAX,31,67,2.16,2,6.1
966,Kyle Boller,2005,24,BAL,23,66,2.87,1,7.3
992,Ryan Fitzpatrick,2005,23,STL,14,64,4.57,2,16
4,Michael Vick,2004,24,ATL,120,902,7.52,3,60.1
75,Daunte Culpepper,2004,27,MIN,88,406,4.61,2,25.4
140,David Carr,2004,25,HOU,73,299,4.1,0,18.7
259,Donovan McNabb,2004,28,PHI,41,220,5.37,3,14.7
298,Jake Plummer,2004,30,DEN,62,202,3.26,1,12.6
325,Kyle Boller,2004,23,BAL,53,189,3.57,1,11.8
361,Joey Harrington,2004,26,DET,48,175,3.65,0,10.9
364,Aaron Brooks,2004,28,NOR,58,173,2.98,4,10.8
379,Jeff Garcia,2004,34,CLE,35,169,4.83,2,15.4
448,Byron Leftwich,2004,24,JAX,39,148,3.79,2,10.6
476,Ben Roethlisberger,2004,22,PIT,56,144,2.57,1,10.3
548,Steve McNair,2004,31,TEN,23,128,5.57,1,16
561,Chad Pennington,2004,28,NYJ,34,126,3.71,1,9.7
643,Josh McCown,2004,25,ARI,36,112,3.11,2,8
782,Matt Hasselbeck,2004,29,SEA,27,90,3.33,1,6.4
787,Marc Bulger,2004,27,STL,19,89,4.68,3,6.4
814,Drew Brees,2004,25,SDG,53,85,1.6,2,5.7
815,Trent Green,2004,34,KAN,25,85,3.4,0,5.3
886,David Garrard,2004,26,JAX,12,76,6.33,1,19
919,Jake Delhomme,2004,29,CAR,25,71,2.84,1,4.4
64,Daunte Culpepper,2003,26,MIN,73,422,5.78,4,30.1
97,Donovan McNabb,2003,27,PHI,71,355,5,3,22.2
120,Jeff Garcia,2003,33,SFO,56,319,5.7,7,24.5
147,Kordell Stewart,2003,31,CHI,59,290,4.92,3,32.2
194,Quincy Carter,2003,26,DAL,68,257,3.78,2,16.1
201,Michael Vick,2003,23,ATL,40,255,6.38,1,51
292,Jake Plummer,2003,29,DEN,37,205,5.54,3,18.6
355,Jeff Blake,2003,33,ARI,30,177,5.9,2,13.6
360,Aaron Brooks,2003,27,NOR,54,175,3.24,2,10.9
382,Doug Flutie,2003,41,SDG,33,168,5.09,2,24
411,Josh McCown,2003,24,ARI,28,158,5.64,1,19.8
436,David Carr,2003,24,HOU,27,151,5.59,2,12.6
512,Steve McNair,2003,30,TEN,38,138,3.63,4,9.9
567,Matt Hasselbeck,2003,28,SEA,36,125,3.47,2,7.8
637,Jon Kitna,2003,31,CIN,38,113,2.97,0,7.1
669,Byron Leftwich,2003,23,JAX,25,108,4.32,2,7.2
799,Jay Fiedler,2003,32,MIA,34,88,2.59,3,7.3
811,Joey Harrington,2003,25,DET,30,86,2.87,0,5.4
819,Drew Brees,2003,24,SDG,21,84,4,0,7.6
829,Trent Green,2003,33,KAN,26,83,3.19,2,5.2
831,Rick Mirer,2003,33,OAK,20,83,4.15,1,9.2
890,Marc Bulger,2003,26,STL,29,75,2.59,4,5
910,Anthony Wright,2003,27,BAL,28,73,2.61,0,10.4
7,Michael Vick,2002,22,ATL,113,777,6.88,8,51.8
21,Daunte Culpepper,2002,25,MIN,106,609,5.75,10,38.1
56,Donovan McNabb,2002,26,PHI,63,460,7.3,6,46
59,Steve McNair,2002,29,TEN,82,440,5.37,3,27.5
99,Jeff Garcia,2002,32,SFO,73,353,4.84,3,22.1
151,Jake Plummer,2002,28,ARI,46,283,6.15,2,17.7
152,David Carr,2002,23,HOU,59,282,4.78,3,17.6
204,Aaron Brooks,2002,26,NOR,62,253,4.08,2,15.8
253,Trent Green,2002,32,KAN,31,225,7.26,1,14.1
284,Mark Brunell,2002,32,JAX,43,207,4.81,0,13.8
296,Matt Hasselbeck,2002,27,SEA,40,202,5.05,1,12.6
320,Kordell Stewart,2002,30,PIT,43,191,4.44,2,27.3
417,Rich Gannon,2002,37,OAK,50,156,3.12,3,9.8
451,Peyton Manning,2002,26,IND,38,148,3.89,2,9.3
502,David Garrard,2002,24,JAX,25,139,5.56,2,34.8
539,Drew Brees,2002,23,SDG,38,130,3.42,1,8.1
560,Ray Lucas,2002,30,MIA,36,126,3.5,2,18
653,Tom Brady,2002,25,NWE,42,110,2.62,1,6.9
675,Brian Griese,2002,27,DEN,37,107,2.89,1,8.2
682,Jeff Blake,2002,32,BAL,39,106,2.72,1,9.6
691,Henry Burris,2002,27,CHI,15,104,6.93,0,17.3
728,Jay Fiedler,2002,31,MIA,28,99,3.54,3,9
752,Mike McMahon,2002,23,DET,14,96,6.86,3,12
753,Randy Fasani,2002,24,CAR,18,95,5.28,0,23.8
776,Quincy Carter,2002,25,DAL,27,91,3.37,0,13
873,Tim Couch,2002,25,CLE,23,77,3.35,0,5.5
889,Danny Wuerffel,2002,28,WAS,10,76,7.6,0,10.9
895,Chad Hutchinson,2002,25,DAL,18,74,4.11,0,8.2
902,Brett Favre *,2002,33,GNB,25,73,2.92,0,4.6
903,Rob Johnson,2002,29,TAM,14,73,5.21,0,12.2
961,Drew Bledsoe,2002,30,BUF,27,67,2.48,2,4.2
38,Kordell Stewart,2001,29,PIT,96,537,5.59,5,33.6
48,Donovan McNabb,2001,25,PHI,82,482,5.88,2,30.1
68,Daunte Culpepper,2001,24,MIN,71,416,5.86,5,37.8
72,Steve McNair,2001,28,TEN,75,414,5.52,5,27.6
92,Aaron Brooks,2001,25,NOR,80,358,4.48,1,22.4
117,Jay Fiedler,2001,30,MIA,73,321,4.4,4,20.1
148,Michael Vick,2001,21,ATL,31,289,9.32,1,36.1
202,Jeff Garcia,2001,31,SFO,72,254,3.53,5,15.9
221,Rob Johnson,2001,28,BUF,36,241,6.69,1,30.1
241,Rich Gannon,2001,36,OAK,63,231,3.67,2,14.4
255,Mark Brunell,2001,31,JAX,39,224,5.74,1,14.9
315,Doug Flutie,2001,39,SDG,53,192,3.62,1,12
367,Brian Griese,2001,26,DEN,50,173,3.46,1,11.5
392,Jake Plummer,2001,27,ARI,35,163,4.66,0,10.2
410,Trent Green,2001,31,KAN,35,158,4.51,0,9.9
414,Peyton Manning,2001,25,IND,35,157,4.49,4,9.8
431,Tony Banks,2001,28,WAS,47,152,3.23,2,10.1
441,Quincy Carter,2001,24,DAL,45,150,3.33,1,18.8
467,Mike McMahon,2001,22,DET,27,145,5.37,1,18.1
489,Matt Hasselbeck,2001,26,SEA,40,141,3.53,0,10.8
546,Tim Couch,2001,24,CLE,38,128,3.37,0,8
550,Chris Weinke,2001,29,CAR,37,128,3.46,6,8.5
597,Brad Johnson,2001,33,TAM,39,120,3.08,3,7.5
820,Chris Chandler,2001,36,ATL,25,84,3.36,0,6
900,Kerry Collins,2001,29,NYG,39,73,1.87,0,4.6
905,Jon Kitna,2001,29,CIN,27,73,2.7,1,4.6
18,Donovan McNabb,2000,24,PHI,86,629,7.31,6,39.3
40,Rich Gannon,2000,35,OAK,89,529,5.94,4,33.1
53,Daunte Culpepper,2000,23,MIN,89,470,5.28,7,29.4
60,Kordell Stewart,2000,28,PIT,78,436,5.59,7,27.3
71,Jeff Garcia,2000,30,SFO,72,414,5.75,4,25.9
77,Steve McNair,2000,27,TEN,72,403,5.6,0,25.2
100,Shaun King,2000,23,TAM,73,353,4.84,5,22.1
113,Cade McNown,2000,23,CHI,50,326,6.52,3,32.6
132,Rob Johnson,2000,27,BUF,42,307,7.31,1,25.6
183,Jay Fiedler,2000,29,MIA,54,267,4.94,1,17.8
217,Jeff Blake,2000,30,NOR,57,243,4.26,1,22.1
226,Mark Brunell,2000,30,JAX,48,236,4.92,2,14.8
240,Akili Smith,2000,25,CIN,41,232,5.66,0,19.3
301,Charlie Batch,2000,26,DET,44,199,4.52,2,13.3
344,Jake Plummer,2000,26,ARI,37,183,4.95,0,13.1
375,Aaron Brooks,2000,24,NOR,41,170,4.15,2,21.3
397,Doug Flutie,2000,38,BUF,36,161,4.47,1,14.6
408,Drew Bledsoe,2000,28,NWE,47,158,3.36,2,9.9
552,Jon Kitna,2000,28,SEA,48,127,2.65,1,8.5
614,Stoney Case,2000,28,DET,16,117,7.31,1,23.4
622,Peyton Manning,2000,24,IND,37,116,3.14,1,7.3
655,Elvis Grbac,2000,30,KAN,30,110,3.67,1,7.3
664,Brett Favre *,2000,31,GNB,27,108,4,0,6.8
681,Steve Beuerlein,2000,35,CAR,44,106,2.41,1,6.6
710,Brian Griese,2000,25,DEN,29,102,3.52,1,10.2
788,Randall Cunningham,2000,37,DAL,23,89,3.87,1,14.8
891,Trent Dilfer,2000,28,BAL,20,75,3.75,0,6.8
943,Trent Green,2000,30,STL,20,69,3.45,1,8.6
958,Doug Pederson,2000,32,CLE,18,68,3.78,0,6.2
977,Kerry Collins,2000,28,NYG,41,65,1.59,1,4.1
993,Gus Frerotte,2000,29,DEN,22,64,2.91,1,6.4
51,Doug Flutie,1999,37,BUF,88,476,5.41,1,31.7
109,Steve McNair,1999,26,TEN,72,337,4.68,8,30.6
110,Jeff Blake,1999,29,CIN,63,332,5.27,2,23.7
125,Donovan McNabb,1999,23,PHI,47,313,6.66,0,26.1
144,Rich Gannon,1999,34,OAK,46,298,6.48,2,18.6
182,Tim Couch,1999,22,CLE,40,267,6.68,1,17.8
192,Kordell Stewart,1999,27,PIT,56,258,4.61,2,16.1
242,Jeff Garcia,1999,29,SFO,45,231,5.13,2,17.8
283,Mark Brunell,1999,29,JAX,47,208,4.43,1,13.9
402,Cade McNown,1999,22,CHI,32,160,5,0,10.7
473,Trent Dilfer,1999,27,TAM,35,144,4.11,0,14.4
475,Ray Lucas,1999,27,NYJ,41,144,3.51,1,16
482,Brett Favre *,1999,30,GNB,28,142,5.07,0,8.9
485,Billy Joe Tolliver,1999,33,NOR,26,142,5.46,3,14.2
486,Stoney Case,1999,27,BAL,36,141,3.92,3,14.1
510,Brian Griese,1999,24,DEN,46,138,3,2,9.9
530,Kent Graham,1999,31,NYG,35,132,3.77,1,14.7
559,Jim Harbaugh,1999,36,SDG,34,126,3.71,0,9
573,Steve Beuerlein,1999,34,CAR,27,124,4.59,2,7.8
578,Damon Huard,1999,26,MIA,28,124,4.43,0,7.8
593,Jake Plummer,1999,25,ARI,39,121,3.1,2,10.1
633,Akili Smith,1999,24,CIN,19,114,6,1,16.3
717,Drew Bledsoe,1999,27,NWE,42,101,2.4,0,6.3
762,Tony Banks,1999,26,BAL,24,93,3.88,0,7.8
775,Kurt Warner*,1999,28,STL,23,92,4,1,5.8
795,Rick Mirer,1999,29,NYJ,21,89,4.24,1,11.1
804,Charlie Batch,1999,25,DET,28,87,3.11,2,7.9
906,Peyton Manning,1999,23,IND,35,73,2.09,2,4.6
911,Jake Delhomme,1999,24,NOR,11,72,6.55,2,36
29,Steve McNair,1998,25,TEN,77,559,7.26,4,34.9
57,Steve Young*,1998,37,SFO,70,454,6.49,6,30.3
76,Kordell Stewart,1998,26,PIT,81,406,5.01,2,25.4
214,Doug Flutie,1998,36,BUF,48,248,5.17,1,19.1
246,Charlie Batch,1998,24,DET,41,229,5.59,1,19.1
265,Jake Plummer,1998,24,ARI,51,217,4.25,4,13.6
314,Mark Brunell,1998,28,JAX,49,192,3.92,0,14.8
370,Jim Harbaugh,1998,35,BAL,40,172,4.3,0,12.3
383,Rich Gannon,1998,33,KAN,44,168,3.82,3,14
416,Tony Banks,1998,25,STL,40,156,3.9,3,11.1
424,Kerry Collins,1998,26,2TM,30,153,5.1,1,13.9
487,Trent Dilfer,1998,26,TAM,40,141,3.53,2,8.8
509,Kent Graham,1998,30,NYG,27,138,5.11,2,12.5
527,Brett Favre *,1998,29,GNB,40,133,3.33,1,8.3
529,Randall Cunningham,1998,35,MIN,32,132,4.13,1,8.8
583,Rob Johnson,1998,25,BUF,24,123,5.13,1,15.4
590,Chris Chandler,1998,33,ATL,36,121,3.36,2,8.6
596,Donald Hollas,1998,31,OAK,29,120,4.14,1,10
616,Trent Green,1998,28,WAS,42,117,2.79,2,7.8
698,Vinny Testaverde,1998,35,NYJ,24,104,4.33,1,7.4
700,Jeff Blake,1998,28,CIN,15,103,6.87,0,12.9
707,Bubby Brister,1998,36,DEN,19,102,5.37,1,14.6
760,John Elway*,1998,38,DEN,37,94,2.54,1,7.2
822,Bobby Hoying,1998,26,PHI,22,84,3.82,0,10.5
849,Ryan Leaf,1998,22,SDG,27,80,2.96,0,8
861,Steve Stenstrom,1998,27,CHI,18,79,4.39,2,11.3
882,Jonathan Quinn,1998,23,JAX,11,77,7,1,19.3
941,Troy Aikman*,1998,32,DAL,22,69,3.14,2,6.3
963,Jon Kitna,1998,26,SEA,20,67,3.35,1,11.2
13,Steve McNair,1997,24,TEN,101,674,6.67,8,42.1
52,Kordell Stewart,1997,25,PIT,88,476,5.41,11,29.8
193,Mark Brunell,1997,27,JAX,48,257,5.35,2,18.4
233,Jeff Blake,1997,27,CIN,45,234,5.2,3,21.3
262,John Elway*,1997,37,DEN,50,218,4.36,1,13.6
268,Jake Plummer,1997,23,ARI,39,216,5.54,2,21.6
289,Jim Harbaugh,1997,34,IND,36,206,5.72,0,17.2
303,Steve Young*,1997,36,SFO,50,199,3.98,3,13.3
328,Brett Favre *,1997,28,GNB,58,187,3.22,1,11.7
330,Tony Banks,1997,24,STL,47,186,3.96,1,11.6
384,Elvis Grbac,1997,27,KAN,30,168,5.6,1,16.8
409,Chris Chandler,1997,32,ATL,43,158,3.67,0,11.3
503,Brad Johnson,1997,29,MIN,35,139,3.97,0,10.7
516,Vinny Testaverde,1997,34,BAL,34,138,4.06,0,10.6
551,Randall Cunningham,1997,34,MIN,19,127,6.68,0,21.2
660,Rich Gannon,1997,32,KAN,33,109,3.3,2,12.1
727,Trent Dilfer,1997,25,TAM,33,99,3,1,6.2
830,Erik Kramer,1997,33,CHI,27,83,3.07,2,5.5
833,Scott Mitchell,1997,29,DET,37,83,2.24,1,5.2
854,Troy Aikman*,1997,31,DAL,25,79,3.16,0,4.9
865,Bobby Hoying,1997,25,PHI,16,78,4.88,0,11.1
866,Rick Mirer,1997,27,CHI,20,78,3.9,1,11.1
872,Todd Collins,1997,26,BUF,30,77,2.57,0,5.5
978,Kerry Collins,1997,25,CAR,26,65,2.5,1,5
981,Gus Frerotte,1997,26,WAS,25,65,2.6,2,5
78,Mark Brunell,1996,26,JAX,80,396,4.95,3,24.8
121,Jeff Blake,1996,26,CIN,72,317,4.4,2,19.8
129,Steve Young*,1996,35,SFO,52,310,5.96,4,25.8
212,John Elway*,1996,36,DEN,50,249,4.98,4,16.6
275,Tony Banks,1996,23,STL,61,212,3.48,0,15.1
317,Jim Harbaugh,1996,33,IND,48,192,4,1,13.7
319,Rick Mirer,1996,26,SEA,33,191,5.79,2,17.4
327,Vinny Testaverde,1996,33,BAL,34,188,5.53,2,11.8
351,Jeff Hostetler,1996,35,OAK,37,179,4.84,1,13.8
374,Kordell Stewart,1996,24,PIT,39,171,4.38,5,10.7
376,Dave Brown,1996,26,NYG,50,170,3.4,0,10.6
381,Steve McNair,1996,23,HOU,31,169,5.45,2,18.8
519,Brett Favre *,1996,27,GNB,49,136,2.78,2,8.5
576,Trent Dilfer,1996,24,TAM,32,124,3.88,0,7.8
636,Chris Chandler,1996,31,HOU,28,113,4.04,0,9.4
783,Brad Johnson,1996,28,MIN,34,90,2.65,1,7.5
807,Kent Graham,1996,28,ARI,21,87,4.14,0,8.7
832,Scott Mitchell,1996,28,DET,37,83,2.24,4,5.9
844,Rich Gannon,1996,31,KAN,12,81,6.75,0,20.3
972,Jim Kelly*,1996,36,BUF,19,66,3.47,2,5.1
49,Mark Brunell,1995,25,JAX,67,480,7.16,4,36.9
130,Jeff Blake,1995,25,CIN,53,309,5.83,2,19.3
211,Steve Young*,1995,34,SFO,50,250,5,3,22.7
232,Jim Harbaugh,1995,32,IND,52,235,4.52,2,15.7
249,Dave Brown,1995,25,NYG,45,228,5.07,4,14.3
311,Rick Mirer,1995,25,SEA,43,193,4.49,1,12.9
346,Brett Favre *,1995,26,GNB,39,181,4.64,3,11.3
357,John Elway*,1995,35,DEN,41,176,4.29,1,11
458,Rodney Peete,1995,29,PHI,32,147,4.59,1,9.8
603,Jeff Hostetler,1995,34,OAK,31,119,3.84,0,10.8
626,Trent Dilfer,1995,23,TAM,23,115,5,2,7.2
635,Steve Bono,1995,33,KAN,28,113,4.04,5,7.1
696,Scott Mitchell,1995,27,DET,36,104,2.89,4,6.5
733,Randall Cunningham,1995,32,PHI,21,98,4.67,0,14
812,Kordell Stewart,1995,23,PIT,15,86,5.73,1,8.6
840,Warren Moon*,1995,39,MIN,33,82,2.48,0,5.1
853,Eric Zeier,1995,23,CLE,15,80,5.33,0,11.4
894,Kerry Collins,1995,23,CAR,42,74,1.76,3,4.9
965,Chris Miller,1995,30,STL,22,67,3.05,0,5.2
145,Steve Young*,1994,33,SFO,58,293,5.05,7,18.3
149,Randall Cunningham,1994,31,PHI,65,288,4.43,3,20.6
231,John Elway*,1994,34,DEN,58,235,4.05,4,16.8
256,Jim Harbaugh,1994,31,IND,39,223,5.72,0,18.6
266,Bucky Richardson,1994,25,HOU,30,217,7.23,1,31
293,Jeff Blake,1994,24,CIN,37,204,5.51,1,20.4
295,Brett Favre *,1994,25,GNB,42,202,4.81,2,12.6
307,Dave Brown,1994,24,NYG,60,196,3.27,2,13.1
405,Jeff Hostetler,1994,33,RAI,46,159,3.46,2,9.9
427,Rick Mirer,1994,24,SEA,34,153,4.5,0,11.8
702,Heath Shuler,1994,23,WAS,26,103,3.96,0,9.4
723,Chris Miller,1994,29,RAM,20,100,5,0,7.7
817,David Klingler,1994,25,CIN,17,85,5,0,8.5
852,Neil O'Donnell,1994,28,PIT,31,80,2.58,1,5.7
879,Jim Kelly*,1994,34,BUF,25,77,3.08,1,5.5
951,Craig Erickson,1994,25,TAM,26,68,2.62,1,4.5
970,Jeff George,1994,27,ATL,30,66,2.2,0,4.1
74,Steve Young*,1993,32,SFO,69,407,5.9,2,25.4
105,Rick Mirer,1993,23,SEA,68,343,5.04,3,21.4
153,David Klingler,1993,24,CIN,41,282,6.88,0,20.1
163,Jim Harbaugh,1993,30,CHI,60,277,4.62,4,18.5
245,Wade Wilson,1993,34,NOR,31,230,7.42,0,16.4
267,Brett Favre *,1993,24,GNB,58,216,3.72,1,13.5
297,Jeff Hostetler,1993,32,RAI,55,202,3.67,5,13.5
389,Rodney Peete,1993,27,DET,45,165,3.67,1,16.5
425,John Elway*,1993,33,DEN,44,153,3.48,0,9.6
468,Warren Moon*,1993,37,HOU,48,145,3.02,1,9.7
565,Troy Aikman*,1993,27,DAL,32,125,3.91,0,8.9
609,Boomer Esiason,1993,32,NYJ,45,118,2.62,1,7.4
650,Neil O'Donnell,1993,27,PIT,26,111,4.27,0,6.9
654,Randall Cunningham,1993,30,PHI,18,110,6.11,1,27.5
711,Jim Kelly*,1993,33,BUF,36,102,2.83,0,6.4
715,T.J. Rubley,1993,25,RAM,29,102,3.52,0,11.3
750,Craig Erickson,1993,24,TAM,26,96,3.69,0,6
751,Jim McMahon,1993,34,MIN,33,96,2.91,0,8
796,Scott Mitchell,1993,25,MIA,21,89,4.24,0,6.8
801,Rich Gannon,1993,28,WAS,21,88,4.19,1,11
835,Drew Bledsoe,1993,21,NWE,32,82,2.56,0,6.3
899,Vinny Testaverde,1993,30,CLE,18,74,4.11,0,7.4
998,Joe Montana*,1993,37,KAN,25,64,2.56,0,5.8
33,Randall Cunningham,1992,29,PHI,87,549,6.31,5,36.6
39,Steve Young*,1992,31,SFO,76,537,7.07,4,33.6
170,Jim Harbaugh,1992,29,CHI,47,272,5.79,1,17
304,Brett Favre *,1992,23,GNB,47,198,4.21,1,13.2
306,Vinny Testaverde,1992,29,TAM,36,197,5.47,2,14.1
329,Rich Gannon,1992,27,MIN,45,187,4.16,0,15.6
371,Jeff Hostetler,1992,31,NYG,35,172,4.91,3,13.2
404,Jay Schroeder,1992,31,RAI,28,160,5.71,0,12.3
444,Chris Chandler,1992,27,PHO,36,149,4.14,1,9.9
457,Warren Moon*,1992,36,HOU,27,147,5.44,1,13.4
526,Jim Everett,1992,29,RAM,32,133,4.16,0,8.3
580,Andre Ware,1992,24,DET,20,124,6.2,0,31
661,Donald Hollas,1992,25,CIN,20,109,5.45,0,10.9
671,Hugh Millen,1992,29,NWE,17,108,6.35,0,15.4
686,Troy Aikman*,1992,26,DAL,37,105,2.84,1,6.6
754,Bobby Hebert,1992,32,NOR,32,95,2.97,0,5.9
761,John Elway*,1992,32,DEN,34,94,2.76,2,7.8
794,Chris Miller,1992,27,ATL,23,89,3.87,0,11.1
834,Rodney Peete,1992,26,DET,21,83,3.95,0,8.3
856,Vince Evans,1992,37,RAI,11,79,7.18,0,15.8
857,Stan Gelbaugh,1992,30,SEA,16,79,4.94,0,7.9
860,Stan Humphries,1992,27,SDG,28,79,2.82,4,4.9
871,Cody Carlson,1992,29,HOU,27,77,2.85,1,7
897,Dave Krieg,1992,34,KAN,37,74,2,2,4.6
926,Scott Zolak,1992,25,NWE,18,71,3.94,0,11.8
969,Boomer Esiason,1992,31,CIN,21,66,3.14,0,5.5
973,Dan Marino*,1992,31,MIA,20,66,3.3,0,4.1
70,Steve Young*,1991,30,SFO,66,415,6.29,4,37.7
108,Jim Harbaugh,1991,28,CHI,70,338,4.83,2,21.1
168,Jeff Hostetler,1991,30,NYG,42,273,6.5,2,22.8
198,John Elway*,1991,31,DEN,55,255,4.64,6,15.9
228,Rich Gannon,1991,26,MIN,43,236,5.49,2,15.7
247,Chris Miller,1991,26,ATL,32,229,7.16,0,15.3
352,Jeff Kemp,1991,32,2TM,38,179,4.71,0,12.8
569,Rodney Peete,1991,25,DET,25,125,5,2,15.6
648,Chris Chandler,1991,26,2TM,26,111,4.27,0,12.3
670,Don Majkowski,1991,27,GNB,25,108,4.32,2,12
720,Vinny Testaverde,1991,28,TAM,32,101,3.16,0,7.8
748,Tom Tupa,1991,25,PHO,28,97,3.46,1,8.8
767,Mike Tomczak,1991,29,GNB,17,93,5.47,1,7.8
772,Hugh Millen,1991,28,NWE,31,92,2.97,1,7.1
841,Neil O'Donnell,1991,25,PIT,18,82,4.56,1,6.8
888,Jay Schroeder,1991,30,RAI,28,76,2.71,0,5.1
896,Bernie Kosar,1991,28,CLE,26,74,2.85,0,4.6
957,Warren Moon*,1991,35,HOU,33,68,2.06,2,4.3
968,Boomer Esiason,1991,30,CIN,24,66,2.75,0,4.7
971,Donald Hollas,1991,24,CIN,12,66,5.5,0,8.3
3,Randall Cunningham,1990,27,PHI,118,942,7.98,5,58.9
54,Timm Rosenbach,1990,24,PHO,86,470,5.47,3,29.4
89,Rodney Peete,1990,24,DET,47,363,7.72,6,33
118,Jim Harbaugh,1990,27,CHI,51,321,6.29,4,22.9
158,Vinny Testaverde,1990,27,TAM,38,280,7.37,1,20
180,Rich Gannon,1990,25,MIN,52,268,5.15,1,19.1
191,John Elway*,1990,30,DEN,50,258,5.16,3,16.1
271,Warren Moon*,1990,34,HOU,55,215,3.91,2,14.3
322,Jeff Hostetler,1990,29,NYG,39,190,4.87,2,11.9
332,Don Majkowski,1990,26,GNB,29,186,6.41,1,20.7
368,Troy Aikman*,1990,24,DAL,40,172,4.3,1,11.5
395,Joe Montana*,1990,34,SFO,40,162,4.05,1,10.8
407,Steve Young*,1990,29,SFO,15,159,10.6,0,26.5
413,Boomer Esiason,1990,29,CIN,49,157,3.2,0,9.8
465,Bob Gagliano,1990,32,DET,46,145,3.15,0,16.1
629,Dave Krieg,1990,32,SEA,32,115,3.59,0,7.2
632,Anthony Dilweg,1990,25,GNB,21,114,5.43,0,12.7
684,Stan Humphries,1990,25,WAS,23,106,4.61,2,15.1
729,Chris Miller,1990,25,ATL,26,99,3.81,1,8.3
845,Jay Schroeder,1990,29,RAI,37,81,2.19,0,5.1
859,Tom Hodson,1990,23,NWE,12,79,6.58,0,11.3
862,Wade Wilson,1990,31,MIN,12,79,6.58,0,13.2
875,John Fourcade,1990,30,NOR,15,77,5.13,1,11
915,Ken O'Brien,1990,30,NYJ,21,72,3.43,0,4.5
918,Chris Chandler,1990,25,TAM,13,71,5.46,1,10.1
989,Bubby Brister,1990,28,PIT,25,64,2.56,0,4
20,Randall Cunningham,1989,26,PHI,104,621,5.97,4,38.8
93,Don Majkowski,1989,25,GNB,75,358,4.77,5,22.4
139,Troy Aikman*,1989,23,DAL,38,302,7.95,0,27.5
162,Boomer Esiason,1989,28,CIN,47,278,5.91,0,17.4
165,Jim Harbaugh,1989,26,CHI,45,276,6.13,3,23
181,Warren Moon*,1989,33,HOU,70,268,3.83,4,16.8
216,John Elway*,1989,29,DEN,48,244,5.08,3,16.3
250,Joe Montana*,1989,33,SFO,49,227,4.63,3,17.5
316,Bob Gagliano,1989,31,DET,41,192,4.68,4,17.5
401,Dave Krieg,1989,31,SEA,40,160,4,0,10.7
452,Rodney Peete,1989,23,DET,33,148,4.48,4,18.5
478,Steve Pelluer,1989,27,KAN,17,143,8.41,2,28.6
491,Jim McMahon,1989,30,SDG,29,141,4.86,0,11.8
495,Phil Simms,1989,34,NYG,32,141,4.41,1,9.4
506,Vinny Testaverde,1989,26,TAM,25,139,5.56,0,9.9
517,Jim Kelly*,1989,29,BUF,29,137,4.72,2,10.5
534,Wade Wilson,1989,30,MIN,32,132,4.13,1,9.4
564,Steve Young*,1989,28,SFO,38,126,3.32,2,12.6
778,John Fourcade,1989,29,NOR,14,91,6.5,1,7
779,Jack Trudeau,1989,27,IND,35,91,2.6,2,7
792,Gary Hogeboom,1989,31,PHO,27,89,3.3,1,6.4
805,Doug Flutie,1989,27,NWE,16,87,5.44,0,17.4
808,Bobby Hebert,1989,29,NOR,25,87,3.48,0,6.2
921,Jeff Hostetler,1989,28,NYG,11,71,6.45,2,4.4
924,Mike Tomczak,1989,27,CHI,24,71,2.96,1,4.4
934,Bernie Kosar,1989,26,CLE,30,70,2.33,1,4.4
19,Randall Cunningham,1988,25,PHI,93,624,6.71,6,39
123,Steve Pelluer,1988,26,DAL,51,314,6.16,2,19.6
213,Boomer Esiason,1988,27,CIN,43,248,5.77,1,15.5
234,John Elway*,1988,28,DEN,54,234,4.33,1,15.6
254,Don Majkowski,1988,24,GNB,47,225,4.79,1,17.3
281,Bubby Brister,1988,26,PIT,45,209,4.64,6,16.1
342,Steve Young*,1988,27,SFO,27,184,6.81,1,16.7
350,Doug Flutie,1988,26,NWE,38,179,4.71,1,16.3
380,Mark Malone,1988,30,SDG,37,169,4.57,4,14.1
422,Jim Kelly*,1988,28,BUF,35,154,4.4,0,9.6
435,Phil Simms,1988,33,NYG,33,152,4.61,0,10.1
500,Chris Chandler,1988,23,IND,46,139,3.02,3,9.3
513,Chris Miller,1988,23,ATL,31,138,4.45,1,10.6
515,Vinny Testaverde,1988,25,TAM,28,138,4.93,1,9.2
521,Wade Wilson,1988,29,MIN,36,136,3.78,2,9.7
531,Joe Montana*,1988,32,SFO,38,132,3.47,3,9.4
599,Babe Laufenberg,1988,29,SDG,31,120,3.87,0,15
656,Jim Harbaugh,1988,25,CHI,19,110,5.79,1,11
663,Jay Schroeder,1988,27,RAI,29,109,3.76,1,12.1
692,Jim Everett,1988,25,RAM,34,104,3.06,0,6.5
695,Jim McMahon,1988,29,CHI,26,104,4,4,11.6
803,Warren Moon*,1988,32,HOU,33,88,2.67,5,8
858,Bobby Hebert,1988,28,NOR,37,79,2.14,0,4.9
984,Gary Kubiak,1988,27,DEN,17,65,3.82,0,4.1
995,Dave Krieg,1988,30,SEA,24,64,2.67,0,7.1
43,Randall Cunningham,1987,24,PHI,76,505,6.64,3,42.1
137,John Elway*,1987,27,DEN,66,304,4.61,4,25.3
185,Wade Wilson,1987,28,MIN,41,263,6.41,5,21.9
220,Boomer Esiason,1987,26,CIN,52,241,4.63,0,20.1
324,Steve Young*,1987,26,SFO,26,190,7.31,1,23.8
394,Mark Malone,1987,29,PIT,34,162,4.76,3,13.5
419,Dave Krieg,1987,29,SEA,36,155,4.31,2,12.9
474,Vince Evans,1987,32,RAI,11,144,13.09,1,48
484,Steve Pelluer,1987,25,DAL,25,142,5.68,1,11.8
492,Joe Montana*,1987,31,SFO,35,141,4.03,1,10.8
524,John Fourcade,1987,27,NOR,19,134,7.05,0,44.7
528,Jim Kelly*,1987,27,BUF,29,133,4.59,0,11.1
554,Don Majkowski,1987,23,GNB,15,127,8.47,0,18.1
601,Jay Schroeder,1987,26,WAS,26,120,4.62,3,10.9
644,Warren Moon*,1987,31,HOU,34,112,3.29,3,9.3
677,Neil Lomax,1987,28,STL,29,107,3.69,0,8.9
708,Scott Campbell,1987,25,ATL,21,102,4.86,2,8.5
736,Kyle Mackey,1987,25,MIA,17,98,5.76,2,32.7
755,Bobby Hebert,1987,27,NOR,13,95,7.31,0,7.9
781,Marc Wilson,1987,30,RAI,17,91,5.35,0,6.1
802,Jim McMahon,1987,28,CHI,22,88,4,2,12.6
828,Jim Everett,1987,24,RAM,18,83,4.61,1,7.5
893,Tom Ramsey,1987,26,NWE,13,75,5.77,1,8.3
939,Dave Walter,1987,23,CIN,16,70,4.38,0,23.3
940,Randy Wright,1987,26,GNB,13,70,5.38,0,7.8
945,Mike Hold,1987,24,TAM,7,69,9.86,0,34.5
996,Chuck Long,1987,24,DET,22,64,2.91,0,5.3
1000,Alan Risher,1987,26,GNB,11,64,5.82,1,21.3
35,Randall Cunningham,1986,23,PHI,66,540,8.18,5,36
63,Steve Young*,1986,25,TAM,74,425,5.74,5,30.4
143,David Archer,1986,24,ATL,52,298,5.73,0,27.1
195,John Elway*,1986,26,DEN,52,257,4.94,1,16.1
200,Steve Pelluer,1986,24,DAL,41,255,6.22,1,15.9
302,Jim Kelly*,1986,26,BUF,41,199,4.85,0,12.4
377,Tony Eason,1986,27,NWE,35,170,4.86,0,11.3
415,Warren Moon*,1986,30,HOU,42,157,3.74,2,10.5
434,Jim McMahon,1986,27,CHI,22,152,6.91,1,25.3
449,Neil Lomax,1986,27,STL,35,148,4.23,1,10.6
463,Boomer Esiason,1986,25,CIN,44,146,3.32,1,9.1
586,Dave Krieg,1986,28,SEA,35,122,3.49,1,8.1
620,Mike Tomczak,1986,24,CHI,23,117,5.09,3,9
678,Mark Malone,1986,28,PIT,31,107,3.45,5,7.6
917,Phil Simms,1986,31,NYG,43,72,1.67,1,4.5
102,David Archer,1985,23,ATL,70,347,4.96,2,21.7
205,John Elway*,1985,25,DEN,51,253,4.96,0,15.8
208,Jim McMahon,1985,26,CHI,47,252,5.36,3,19.4
237,Steve Young*,1985,24,TAM,40,233,5.83,1,46.6
243,Bruce Mathison,1985,26,BUF,27,231,8.56,1,23.1
290,Randall Cunningham,1985,22,PHI,29,205,7.07,0,34.2
403,Mike Pagel,1985,25,IND,25,160,6.4,2,10
428,Joe Montana*,1985,29,SFO,42,153,3.64,3,10.2
532,Phil Simms,1985,30,NYG,37,132,3.57,0,8.3
542,Warren Moon*,1985,29,HOU,39,130,3.33,0,9.3
558,Gary Danielson,1985,34,CLE,25,126,5.04,0,15.8
568,Neil Lomax,1985,26,STL,32,125,3.91,0,7.8
591,Dave Krieg,1985,27,SEA,35,121,3.46,1,7.6
631,Joe Theismann,1985,36,WAS,25,115,4.6,2,10.5
744,Marc Wilson,1985,28,RAI,24,98,4.08,2,6.1
745,Todd Blackledge,1985,24,KAN,17,97,5.71,0,8.1
757,Oliver Luck,1985,25,HOU,15,95,6.33,0,19
791,Eric Hipple,1985,28,DET,32,89,2.78,2,5.6
850,Mark Malone,1985,27,PIT,15,80,5.33,1,8
855,Boomer Esiason,1985,24,CIN,33,79,2.39,1,5.3
876,Steve Fuller,1985,28,CHI,24,77,3.21,5,4.8
925,David Woodley,1985,27,PIT,17,71,4.18,2,7.9
930,Tony Eason,1985,26,NWE,22,70,3.18,1,4.4
124,Joe Theismann,1984,35,WAS,62,314,5.06,1,19.6
166,Jim McMahon,1984,25,CHI,39,276,7.08,2,30.7
225,John Elway*,1984,24,DEN,56,237,4.23,1,15.8
261,Gary Danielson,1984,33,DET,41,218,5.32,3,14.5
278,Warren Moon*,1984,28,HOU,58,211,3.64,1,13.2
331,Dave Krieg,1984,26,SEA,46,186,4.04,3,11.6
341,Neil Lomax,1984,25,STL,35,184,5.26,3,11.5
396,Phil Simms,1984,29,NYG,42,162,3.86,0,10.1
421,Tony Eason,1984,25,NWE,40,154,3.85,5,9.6
426,Jeff Kemp,1984,25,RAM,34,153,4.5,1,10.9
445,Mike Pagel,1984,24,IND,26,149,5.73,1,13.5
471,Art Schlichter,1984,24,IND,19,145,7.63,1,16.1
592,Rusty Lisch,1984,28,CHI,18,121,6.72,0,17.3
613,Joe Montana*,1984,28,SFO,39,118,3.03,2,7.4
651,Richard Todd,1984,31,NOR,28,111,3.96,0,7.4
705,Todd Blackledge,1984,23,KAN,18,102,5.67,1,9.3
709,Joe Ferguson,1984,34,BUF,19,102,5.37,0,8.5
738,Mike Moroski,1984,27,ATL,21,98,4.67,0,6.1
774,Pat Ryan,1984,29,NYJ,23,92,4,0,5.8
789,Steve Fuller,1984,27,CHI,15,89,5.93,1,14.8
848,Matt Kofler,1984,25,BUF,10,80,8,0,5
883,Turk Schonert,1984,27,CIN,13,77,5.92,1,9.6
892,Oliver Luck,1984,24,HOU,10,75,7.5,1,18.8
987,Ken Anderson,1984,35,CIN,11,64,5.82,0,5.8
50,Cliff Stoudt,1983,28,PIT,77,479,6.22,4,29.9
58,Mike Pagel,1983,23,BAL,54,441,8.17,0,29.4
133,Jim McMahon,1983,24,CHI,55,307,5.58,2,21.9
150,Joe Montana*,1983,27,SFO,61,284,4.66,2,17.8
235,Joe Theismann,1983,34,WAS,37,234,6.32,1,14.6
373,Eric Hipple,1983,26,DET,41,171,4.17,3,10.7
453,Ken Anderson,1983,34,CIN,22,147,6.68,1,11.3
462,John Elway*,1983,23,DEN,28,146,5.21,1,13.3
481,Vince Evans,1983,28,CHI,22,142,6.45,1,15.8
543,Ron Jaworski,1983,32,PHI,25,129,5.16,1,8.1
553,Neil Lomax,1983,24,STL,27,127,4.7,2,9.8
589,Marc Wilson,1983,26,RAI,13,122,9.38,0,12.2
619,Turk Schonert,1983,26,CIN,29,117,4.03,2,13
667,Steve Grogan,1983,30,NWE,23,108,4.7,2,9
721,Richard Todd,1983,30,NYJ,35,101,2.89,0,6.3
798,Joe Ferguson,1983,33,BUF,20,88,4.4,0,5.5
867,Jim Plunkett,1983,36,RAI,26,78,3,0,5.6
870,David Woodley,1983,25,MIA,19,78,4.11,0,15.6
927,Jim Zorn,1983,30,SEA,30,71,2.37,1,4.4
990,Scott Brunner,1983,26,NYG,26,64,2.46,0,4
288,David Woodley,1982,24,MIA,36,207,5.75,2,23
412,Doug Williams,1982,27,TAM,35,158,4.51,2,17.6
442,Joe Theismann,1982,33,WAS,31,150,4.84,0,16.7
605,Neil Lomax,1982,23,STL,28,119,4.25,1,13.2
612,Joe Montana*,1982,26,SFO,30,118,3.93,1,13.1
640,Jim Zorn,1982,29,SEA,15,113,7.53,1,12.6
688,Jim McMahon,1982,23,CHI,24,105,4.38,1,13.1
771,Gary Danielson,1982,31,DET,23,92,4,0,11.5
780,Danny White,1982,30,DAL,17,91,5.35,0,10.1
813,Ken Anderson,1982,33,CIN,25,85,3.4,4,9.4
818,Archie Manning,1982,33,2TM,13,85,6.54,0,12.1
842,Mike Pagel,1982,22,BAL,19,82,4.32,1,9.1
880,Tommy Kramer,1982,27,MIN,21,77,3.67,3,8.6
904,Bert Jones,1982,31,RAM,11,73,6.64,0,18.3
119,Ken Anderson,1981,32,CIN,46,320,6.96,1,20
172,David Woodley,1981,23,MIA,63,272,4.32,4,18.1
263,Vince Evans,1981,26,CHI,43,218,5.07,3,13.6
282,Doug Williams,1981,26,TAM,48,209,4.35,4,13.1
356,Joe Theismann,1981,32,WAS,36,177,4.92,2,11.1
385,Eric Hipple,1981,24,DET,41,168,4.1,7,10.5
393,Terry Bradshaw*,1981,33,PIT,38,162,4.26,2,11.6
429,Brian Sipe,1981,32,CLE,38,153,4.03,1,9.6
461,Marc Wilson,1981,24,OAK,30,147,4.9,2,11.3
499,Jim Zorn,1981,28,SEA,30,140,4.67,1,10.8
538,Richard Todd,1981,28,NYJ,32,131,4.09,0,8.2
547,Ron Jaworski,1981,30,PHI,22,128,5.82,0,8
610,Steve Fuller,1981,24,KAN,19,118,6.21,0,9.1
693,Pat Haden,1981,28,RAM,18,104,5.78,0,8
694,Neil Lomax,1981,22,STL,19,104,5.47,2,7.4
699,Danny White,1981,29,DAL,38,104,2.74,0,6.5
758,Joe Montana*,1981,25,SFO,25,95,3.8,2,5.9
770,Matt Cavanaugh,1981,25,NWE,17,92,5.41,3,5.8
793,Bill Kenney,1981,26,KAN,24,89,3.71,1,6.8
816,Bert Jones,1981,30,BAL,20,85,4.25,0,5.7
955,Mark Malone,1981,23,PIT,16,68,4.25,2,8.5
83,Doug Williams,1980,25,TAM,58,370,6.38,4,23.1
112,Richard Todd,1980,27,NYJ,49,330,6.73,5,20.6
134,Vince Evans,1980,25,CHI,60,306,5.1,8,23.5
167,Steve Fuller,1980,23,KAN,60,274,4.57,4,19.6
239,Gary Danielson,1980,29,DET,48,232,4.83,2,14.5
272,David Woodley,1980,22,MIA,55,214,3.89,3,16.5
273,Jim Zorn,1980,27,SEA,44,214,4.86,1,13.4
323,Phil Simms,1980,25,NYG,36,190,5.28,1,14.6
362,Bert Jones,1980,29,BAL,27,175,6.48,2,11.7
363,Joe Theismann,1980,31,WAS,29,175,6.03,3,10.9
387,Archie Manning,1980,31,NOR,23,166,7.22,0,10.4
493,Jim Plunkett,1980,33,OAK,28,141,5.04,2,10.8
585,Ken Anderson,1980,31,CIN,16,122,7.63,0,9.4
628,Tommy Kramer,1980,25,MIN,31,115,3.71,1,7.7
634,Danny White,1980,28,DAL,27,114,4.22,1,7.1
641,Steve Grogan,1980,27,NWE,30,112,3.73,1,9.3
646,Terry Bradshaw*,1980,32,PIT,36,111,3.08,2,7.4
746,Matt Cavanaugh,1980,24,NWE,19,97,5.11,0,6.1
756,Ron Jaworski,1980,29,PHI,27,95,3.52,1,5.9
825,Jack Thompson,1980,24,CIN,18,84,4.67,1,6
881,Joe Montana*,1980,24,SFO,32,77,2.41,2,5.1
979,Joe Ferguson,1980,30,BUF,31,65,2.1,0,4.1
85,Steve Grogan,1979,26,NWE,64,368,5.75,2,23
161,Jim Zorn,1979,26,SEA,46,279,6.07,2,17.4
184,Steve Fuller,1979,22,KAN,50,264,5.28,1,16.5
230,Ken Anderson,1979,30,CIN,28,235,8.39,2,15.7
333,Archie Manning,1979,30,NOR,35,186,5.31,2,11.6
347,Joe Theismann,1979,30,WAS,46,181,3.93,4,11.3
354,Brian Sipe,1979,30,CLE,45,178,3.96,2,11.1
372,Roger Staubach*,1979,37,DAL,37,172,4.65,0,10.8
388,Phil Simms,1979,24,NYG,29,166,5.72,1,13.8
511,Tommy Kramer,1979,24,MIN,32,138,4.31,1,8.6
604,Ron Jaworski,1979,28,PHI,43,119,2.77,2,7.4
607,Doug Williams,1979,24,TAM,35,119,3.4,2,7.4
624,Jack Thompson,1979,23,CIN,21,116,5.52,5,12.9
625,Norris Weese,1979,28,DEN,18,116,6.44,3,7.3
630,Greg Landry,1979,33,BAL,31,115,3.71,0,7.2
676,Jeff Komlo,1979,23,DET,30,107,3.57,2,6.7
747,Pat Haden,1979,26,RAM,16,97,6.06,0,9.7
766,Richard Todd,1979,26,NYJ,36,93,2.58,5,6.2
826,Terry Bradshaw*,1979,31,PIT,21,83,3.95,0,5.2
909,David Whitehurst,1979,24,GNB,18,73,4.06,4,5.6
912,Vince Evans,1979,24,CHI,12,72,6,1,18
952,Joe Ferguson,1979,29,BUF,22,68,3.09,1,4.3