Player,Tm,Age,Pos,G,GS,Att,Yds,TD,1D,Lng,Y/A,Y/G,Fmb,Year
Derrick Henry,TEN,25,RB,15,15,303,1540,16,73,74,5.1,102.7,5,2019
Ezekiel Elliott,DAL,24,RB,16,16,301,1357,12,78,33,4.5,84.8,3,2019
Nick Chubb,CLE,24,RB,16,16,298,1494,8,62,88,5,93.4,3,2019
Christian McCaffrey,CAR,23,RB,16,16,287,1387,15,57,84,4.8,86.7,1,2019
Chris Carson,SEA,25,RB,15,15,278,1230,7,75,59,4.4,82,7,2019
Joe Mixon,CIN,23,RB,16,15,278,1137,5,56,41,4.1,71.1,0,2019
Leonard Fournette,JAX,24,RB,15,15,265,1152,3,55,81,4.3,76.8,1,2019
Dalvin Cook,MIN,24,RB,14,14,250,1135,13,60,75,4.5,81.1,4,2019
Marlon Mack,IND,23,RB,14,12,247,1091,8,67,63,4.4,77.9,0,2019
Sony Michel,NWE,24,RB,16,14,247,912,7,55,26,3.7,57,2,2019
Le'Veon Bell,NYJ,27,RB,15,15,245,789,3,36,19,3.2,52.6,1,2019
Carlos Hyde,HOU,29,RB,16,14,245,1070,6,55,58,4.4,66.9,4,2019
Josh Jacobs,OAK,21,RB,13,13,242,1150,7,53,51,4.8,88.5,1,2019
David Montgomery,CHI,22,RB,16,8,242,889,6,50,55,3.7,55.6,2,2019
Aaron Jones,GNB,25,RB,16,16,236,1084,16,55,56,4.6,67.8,3,2019
Phillip Lindsay,DEN,25,RB,16,16,224,1011,7,38,40,4.5,63.2,0,2019
Todd Gurley,LAR,25,RB,15,15,223,857,12,51,25,3.8,57.1,3,2019
Saquon Barkley,NYG,22,RB,13,13,217,1003,6,45,68,4.6,77.2,1,2019
Adrian Peterson,WAS,34,RB,15,15,211,898,5,41,32,4.3,59.9,3,2019
Mark Ingram,BAL,30,RB,15,15,202,1018,10,53,53,5,67.9,2,2019
Devonta Freeman,ATL,27,RB,14,14,184,656,2,31,28,3.6,46.9,3,2019
Miles Sanders,PHI,22,RB,16,11,179,818,3,30,65,4.6,51.1,2,2019
Lamar Jackson,BAL,22,QB,15,15,176,1206,7,71,47,6.9,80.4,9,2019
Ronald Jones II,TAM,22,RB,16,9,172,724,6,34,49,4.2,45.3,3,2019
Alvin Kamara,NOR,24,RB,14,9,171,797,5,32,40,4.7,56.9,4,2019
Kenyan Drake,2TM,25,RB,14,10,170,817,8,48,80,4.8,58.4,2,2019
Frank Gore,BUF,36,RB,16,8,166,599,2,30,41,3.6,37.4,0,2019
Melvin Gordon,LAC,26,RB,12,11,162,612,8,39,24,3.8,51,4,2019
Peyton Barber,TAM,25,RB,16,7,154,470,6,23,17,3.1,29.4,1,2019
Ezekiel Elliott,DAL,23,RB,15,15,304,1434,6,84,41,4.7,95.6,6,2018
Saquon Barkley,NYG,21,RB,16,16,261,1307,11,50,78,5,81.7,0,2018
David Johnson,ARI,27,RB,16,16,258,940,7,51,53,3.6,58.8,3,2018
Todd Gurley,LAR,24,RB,14,14,256,1251,17,75,36,4.9,89.4,1,2018
Adrian Peterson,WAS,33,RB,16,16,251,1042,7,47,90,4.2,65.1,3,2018
Jordan Howard,CHI,24,RB,16,15,250,935,9,55,42,3.7,58.4,2,2018
Chris Carson,SEA,24,RB,14,14,247,1151,9,61,61,4.7,82.2,3,2018
Joe Mixon,CIN,22,RB,14,13,237,1168,8,60,51,4.9,83.4,0,2018
Peyton Barber,TAM,24,RB,16,16,234,871,5,41,28,3.7,54.4,1,2018
Christian McCaffrey,CAR,22,RB,16,16,219,1098,7,53,59,5,68.6,4,2018
James Conner,PIT,23,RB,13,12,215,973,12,56,30,4.5,74.8,4,2018
Derrick Henry,TEN,24,RB,16,12,215,1059,12,51,99,4.9,66.2,1,2018
Lamar Miller,HOU,27,RB,14,14,210,973,5,38,97,4.6,69.5,1,2018
Sony Michel,NWE,23,RB,13,8,209,931,6,73,34,4.5,71.6,1,2018
Marlon Mack,IND,22,RB,12,10,195,908,9,60,49,4.7,75.7,2,2018
Alvin Kamara,NOR,23,RB,15,13,194,883,14,64,49,4.6,58.9,1,2018
Nick Chubb,CLE,23,RB,16,9,192,996,8,47,92,5.2,62.3,0,2018
Phillip Lindsay,DEN,24,RB,15,8,192,1037,9,49,65,5.4,69.1,0,2018
Kareem Hunt,KAN,23,RB,11,11,181,824,7,46,45,4.6,74.9,0,2018
Melvin Gordon,LAC,25,RB,12,12,175,885,10,51,34,5.1,73.8,1,2018
Carlos Hyde,2TM,28,RB,14,7,172,571,5,27,22,3.3,40.8,2,2018
Doug Martin,OAK,29,RB,16,9,172,723,4,37,29,4.2,45.2,3,2018
Tevin Coleman,ATL,25,RB,16,14,167,800,4,36,65,4.8,50,2,2018
LeSean McCoy,BUF,30,RB,14,13,161,514,3,22,28,3.2,36.7,0,2018
Frank Gore,MIA,35,RB,14,14,156,722,0,25,39,4.6,51.6,1,2018
Dion Lewis,TEN,28,RB,16,7,155,517,1,22,36,3.3,32.3,1,2018
LeGarrette Blount,DET,32,RB,16,8,154,418,5,25,27,2.7,26.1,2,2018
Matt Breida,SFO,23,RB,14,13,153,814,3,36,66,5.3,58.1,1,2018
Alfred Blue,HOU,27,RB,16,2,150,499,2,26,17,3.3,31.2,0,2018
Le'Veon Bell,PIT,25,RB,15,15,321,1291,9,71,27,4,86.1,3,2017
LeSean McCoy,BUF,29,RB,16,16,287,1138,6,57,48,4,71.1,3,2017
Melvin Gordon,LAC,24,RB,16,16,284,1105,8,61,87,3.9,69.1,1,2017
Todd Gurley,LAR,23,RB,15,15,279,1305,13,69,57,4.7,87,5,2017
Jordan Howard,CHI,23,RB,16,16,276,1122,9,65,53,4.1,70.1,1,2017
Kareem Hunt,KAN,22,RB,16,16,272,1327,8,63,69,4.9,82.9,1,2017
Leonard Fournette,JAX,22,RB,13,13,268,1040,9,51,90,3.9,80,2,2017
Frank Gore,IND,34,RB,16,16,261,961,3,49,21,3.7,60.1,3,2017
C.J. Anderson,DEN,26,RB,16,16,245,1007,3,47,40,4.1,62.9,1,2017
Ezekiel Elliott,DAL,22,RB,10,10,242,983,7,57,30,4.1,98.3,1,2017
Carlos Hyde,SFO,27,RB,16,16,240,938,8,48,61,3.9,58.6,2,2017
Lamar Miller,HOU,26,RB,16,13,238,888,3,45,21,3.7,55.5,1,2017
Mark Ingram,NOR,28,RB,16,12,230,1124,12,52,72,4.9,70.3,3,2017
Latavius Murray,MIN,27,RB,16,11,216,842,8,43,46,3.9,52.6,1,2017
Alex Collins,BAL,23,RB,15,12,212,973,6,53,50,4.6,64.9,4,2017
Jay Ajayi,2TM,24,RB,14,8,208,873,1,0,71,4.2,62.4,3,2017
Marshawn Lynch,OAK,31,RB,15,15,207,891,7,45,51,4.3,59.4,1,2017
Isaiah Crowell,CLE,24,RB,16,16,206,853,2,39,59,4.1,53.3,1,2017
Jonathan Stewart,CAR,30,RB,15,10,198,680,6,42,60,3.4,45.3,3,2017
Devonta Freeman,ATL,25,RB,14,14,196,865,7,55,44,4.4,61.8,4,2017
DeMarco Murray,TEN,29,RB,15,15,184,659,6,33,75,3.6,43.9,1,2017
Dion Lewis,NWE,27,RB,16,8,180,896,6,49,44,5,56,0,2017
Joe Mixon,CIN,21,RB,14,7,178,626,4,39,25,3.5,44.7,3,2017
Bilal Powell,NYJ,29,RB,15,10,178,772,5,32,75,4.3,51.5,1,2017
Derrick Henry,TEN,23,RB,16,2,176,744,5,40,75,4.2,46.5,1,2017
Samaje Perine,WAS,22,RB,16,8,175,603,1,23,30,3.4,37.7,2,2017
LeGarrette Blount,PHI,31,RB,16,11,173,766,2,33,68,4.4,47.9,1,2017
Orleans Darkwa,NYG,25,RB,15,11,171,751,5,35,75,4.4,50.1,1,2017
Ameer Abdullah,DET,24,RB,14,11,165,552,4,26,34,3.3,39.4,2,2017
Ezekiel Elliott,DAL,21,RB,15,15,322,1631,15,95,60,5.1,108.7,5,2016
LeGarrette Blount,NWE,30,RB,16,8,299,1161,18,68,44,3.9,72.6,2,2016
David Johnson,ARI,25,RB,16,16,293,1239,16,73,58,4.2,77.4,5,2016
DeMarco Murray,TEN,28,RB,16,16,293,1287,9,67,75,4.4,80.4,3,2016
Todd Gurley,LAR,22,RB,16,16,278,885,6,49,24,3.2,55.3,2,2016
Lamar Miller,HOU,25,RB,14,14,268,1073,5,55,45,4,76.6,2,2016
Frank Gore,IND,33,RB,16,16,263,1025,4,50,22,3.9,64.1,2,2016
Le'Veon Bell,PIT,24,RB,12,12,261,1268,7,70,44,4.9,105.7,4,2016
Jay Ajayi,MIA,23,RB,15,12,260,1272,8,63,62,4.9,84.8,4,2016
Melvin Gordon,SDG,23,RB,13,11,254,997,10,62,48,3.9,76.7,2,2016
Jordan Howard,CHI,22,RB,15,13,252,1313,6,73,69,5.2,87.5,2,2016
LeSean McCoy,BUF,28,RB,15,15,234,1267,13,56,75,5.4,84.5,3,2016
Devonta Freeman,ATL,24,RB,16,16,227,1079,11,66,75,4.8,67.4,1,2016
Jeremy Hill,CIN,24,RB,15,13,222,839,9,46,74,3.8,55.9,0,2016
Matt Forte,NYJ,31,RB,14,13,218,813,7,36,32,3.7,58.1,1,2016
Jonathan Stewart,CAR,29,RB,13,13,218,824,9,49,47,3.8,63.4,3,2016
Carlos Hyde,SFO,26,RB,13,13,217,988,6,48,47,4.6,76,5,2016
Spencer Ware,KAN,25,RB,14,14,214,921,3,50,46,4.3,65.8,4,2016
Mark Ingram,NOR,27,RB,16,14,205,1043,6,50,75,5.1,65.2,2,2016
Isaiah Crowell,CLE,23,RB,16,16,198,952,7,45,85,4.8,59.5,2,2016
Latavius Murray,OAK,26,RB,14,12,195,788,12,52,42,4,56.3,2,2016
Terrance West,BAL,25,RB,16,13,193,774,5,38,41,4,48.4,2,2016
Rashad Jennings,NYG,31,RB,13,12,181,593,3,29,25,3.3,45.6,1,2016
Devontae Booker,DEN,24,RB,16,6,174,612,4,31,18,3.5,38.3,4,2016
Robert Kelley,WAS,24,RB,15,9,168,704,6,30,66,4.2,46.9,0,2016
Jerick McKinnon,MIN,24,RB,15,7,159,539,2,21,36,3.4,35.9,0,2016
Ryan Mathews,PHI,29,RB,13,8,155,661,8,40,30,4.3,50.8,3,2016
Christine Michael,2TM,26,RB,15,7,148,583,7,0,42,3.9,38.9,2,2016
Doug Martin,TAM,27,RB,8,8,144,421,3,24,17,2.9,52.6,1,2016
Adrian Peterson,MIN,30,RB,16,16,327,1485,11,72,80,4.5,92.8,7,2015
Doug Martin,TAM,26,RB,16,16,288,1402,6,68,84,4.9,87.6,5,2015
Latavius Murray,OAK,25,RB,16,16,266,1066,6,49,54,4,66.6,4,2015
Devonta Freeman,ATL,23,RB,15,13,265,1056,11,71,39,4,70.4,3,2015
Frank Gore,IND,32,RB,16,16,260,967,6,48,37,3.7,60.4,4,2015
Chris Ivory,NYJ,27,RB,15,14,247,1070,7,51,58,4.3,71.3,4,2015
Jonathan Stewart,CAR,28,RB,13,13,242,989,6,43,44,4.1,76.1,3,2015
Darren McFadden,DAL,28,RB,16,10,239,1089,3,53,50,4.6,68.1,3,2015
Todd Gurley,STL,21,RB,13,12,229,1106,10,47,71,4.8,85.1,3,2015
Jeremy Hill,CIN,23,RB,16,15,223,794,11,47,38,3.6,49.6,3,2015
Matt Forte,CHI,30,RB,13,13,218,898,4,47,27,4.1,69.1,2,2015
Ronnie Hillman,DEN,24,RB,16,10,207,863,7,44,72,4.2,53.9,3,2015
LeSean McCoy,BUF,27,RB,12,12,203,895,3,42,48,4.4,74.6,2,2015
Alfred Morris,WAS,27,RB,16,16,202,751,1,35,48,3.7,46.9,0,2015
DeAngelo Williams,PIT,32,RB,16,10,200,907,11,53,55,4.5,56.7,4,2015
Chris Johnson,ARI,30,RB,11,9,196,814,3,33,62,4.2,74,2,2015
Rashad Jennings,NYG,30,RB,16,16,195,863,3,42,38,4.4,53.9,2,2015
Lamar Miller,MIA,24,RB,16,16,194,872,8,41,85,4.5,54.5,1,2015
DeMarco Murray,PHI,27,RB,15,8,193,702,6,48,54,3.6,46.8,2,2015
Eddie Lacy,GNB,25,RB,15,12,187,758,3,39,29,4.1,50.5,4,2015
Isaiah Crowell,CLE,22,RB,16,9,185,706,4,35,54,3.8,44.1,0,2015
Melvin Gordon,SDG,22,RB,14,12,184,641,0,36,27,3.5,45.8,6,2015
Alfred Blue,HOU,24,RB,16,9,183,698,2,34,41,3.8,43.6,2,2015
T.J. Yeldon,JAX,22,RB,12,12,182,740,2,29,45,4.1,61.7,0,2015
Mark Ingram,NOR,26,RB,12,10,166,769,6,47,70,4.6,64.1,2,2015
LeGarrette Blount,NWE,29,RB,12,6,165,703,6,39,38,4.3,58.6,1,2015
Charcandrick West,KAN,24,RB,15,9,160,634,4,36,38,4,42.3,1,2015
Giovani Bernard,CIN,24,RB,16,1,154,730,2,36,28,4.7,45.6,1,2015
C.J. Anderson,DEN,24,RB,15,6,152,720,5,34,48,4.7,48,2,2015
DeMarco Murray,DAL,26,RB,16,16,392,1845,13,89,51,4.7,115.3,6,2014
LeSean McCoy,PHI,26,RB,16,16,312,1319,5,68,53,4.2,82.4,4,2014
Le'Veon Bell,PIT,22,RB,16,16,290,1361,8,75,81,4.7,85.1,0,2014
Marshawn Lynch,SEA,28,RB,16,14,280,1306,13,67,79,4.7,81.6,4,2014
Matt Forte,CHI,29,RB,16,16,266,1038,6,65,32,3.9,64.9,2,2014
Alfred Morris,WAS,26,RB,16,16,265,1074,8,53,30,4.1,67.1,2,2014
Arian Foster,HOU,28,RB,13,13,260,1246,8,55,51,4.8,95.8,2,2014
Frank Gore,SFO,31,RB,16,16,255,1106,4,55,52,4.3,69.1,2,2014
Eddie Lacy,GNB,24,RB,16,16,246,1139,9,60,44,4.6,71.2,3,2014
Justin Forsett,BAL,29,RB,16,14,235,1266,8,57,52,5.4,79.1,2,2014
Mark Ingram,NOR,25,RB,13,9,226,964,9,52,31,4.3,74.2,3,2014
Joique Bell,DET,28,RB,15,6,223,860,7,45,57,3.9,57.3,5,2014
Jeremy Hill,CIN,22,RB,16,8,222,1124,9,61,85,5.1,70.3,5,2014
Andre Williams,NYG,22,RB,16,7,217,721,7,32,50,3.3,45.1,1,2014
Lamar Miller,MIA,23,RB,16,16,216,1099,8,57,97,5.1,68.7,3,2014
Jamaal Charles,KAN,28,RB,15,15,206,1033,9,51,63,5,68.9,5,2014
Andre Ellington,ARI,25,RB,12,12,201,660,3,31,22,3.3,55,2,2014
Chris Ivory,NYJ,26,RB,16,10,198,821,6,43,71,4.1,51.3,2,2014
Steven Jackson,ATL,31,RB,15,15,190,707,6,38,55,3.7,47.1,0,2014
C.J. Anderson,DEN,23,RB,15,7,179,849,8,47,27,4.7,56.6,1,2014
Tre Mason,STL,21,RB,12,9,179,765,4,38,89,4.3,63.8,2,2014
Jonathan Stewart,CAR,27,RB,13,8,175,809,3,42,69,4.6,62.2,3,2014
Terrance West,CLE,23,RB,14,6,171,673,4,31,36,3.9,48.1,2,2014
Alfred Blue,HOU,23,RB,16,3,169,528,2,29,46,3.1,33,0,2014
Giovani Bernard,CIN,23,RB,13,9,168,680,5,32,89,4,52.3,0,2014
Rashad Jennings,NYG,29,RB,11,9,167,639,4,39,18,3.8,58.1,1,2014
Matt Asiata,MIN,27,RB,15,9,164,570,9,34,19,3.5,38,1,2014
Branden Oliver,SDG,23,RB,14,7,160,582,3,31,52,3.6,41.6,0,2014
Trent Richardson,IND,24,RB,15,12,159,519,3,27,27,3.3,34.6,2,2014
LeSean McCoy,PHI,25,RB,16,16,314,1607,9,79,57,5.1,100.4,1,2013
Marshawn Lynch,SEA,27,RB,16,16,301,1257,12,73,43,4.2,78.6,4,2013
Matt Forte,CHI,28,RB,16,16,289,1339,9,73,55,4.6,83.7,2,2013
Ryan Mathews,SDG,26,RB,16,14,285,1255,6,55,51,4.4,78.4,2,2013
Eddie Lacy,GNB,23,RB,15,15,284,1178,11,63,60,4.1,78.5,1,2013
Chris Johnson,TEN,28,RB,16,16,279,1077,6,57,30,3.9,67.3,3,2013
Adrian Peterson,MIN,28,RB,14,14,279,1266,10,61,78,4.5,90.4,5,2013
Frank Gore,SFO,30,RB,16,16,276,1128,9,50,51,4.1,70.5,3,2013
Alfred Morris,WAS,25,RB,16,16,276,1275,7,61,45,4.6,79.7,5,2013
Jamaal Charles,KAN,27,RB,15,15,259,1287,12,72,46,5,85.8,4,2013
Zac Stacy,STL,22,RB,14,12,250,973,7,48,40,3.9,69.5,1,2013
Le'Veon Bell,PIT,21,RB,13,13,244,860,8,53,43,3.5,66.2,1,2013
Knowshon Moreno,DEN,26,RB,16,15,241,1038,10,56,31,4.3,64.9,2,2013
Maurice Jones-Drew,JAX,28,RB,15,15,234,803,5,46,48,3.4,53.5,1,2013
Reggie Bush,DET,28,RB,14,14,223,1006,4,49,39,4.5,71.9,5,2013
BenJarvus Green-Ellis,CIN,28,RB,16,16,220,756,7,49,25,3.4,47.3,2,2013
Rashard Mendenhall,ARI,26,RB,15,15,217,687,8,45,28,3.2,45.8,4,2013
DeMarco Murray,DAL,25,RB,14,14,217,1121,9,65,43,5.2,80.1,3,2013
Ray Rice,BAL,26,RB,15,15,214,660,4,28,47,3.1,44,2,2013
Fred Jackson,BUF,32,RB,16,6,206,890,9,54,59,4.3,55.6,3,2013
C.J. Spiller,BUF,26,RB,15,10,202,933,2,27,77,4.6,62.2,4,2013
DeAngelo Williams,CAR,30,RB,15,15,201,843,3,36,43,4.2,56.2,3,2013
Trent Richardson,2TM,23,RB,16,10,188,563,3,0,22,3,35.2,3,2013
Chris Ivory,NYJ,25,RB,15,6,182,833,3,35,69,4.6,55.5,2,2013
Ben Tate,HOU,25,RB,14,7,181,771,4,37,60,4.3,55.1,5,2013
Stevan Ridley,NWE,24,RB,14,6,178,773,7,40,29,4.3,55.2,4,2013
Lamar Miller,MIA,22,RB,16,15,177,709,2,27,49,4,44.3,1,2013
Bilal Powell,NYJ,25,RB,16,11,176,697,1,36,39,4,43.6,1,2013
Giovani Bernard,CIN,22,RB,16,0,170,695,5,33,35,4.1,43.4,2,2013
Arian Foster,HOU,26,RB,16,16,351,1424,15,78,46,4.1,89,3,2012
Adrian Peterson,MIN,27,RB,16,16,348,2097,12,88,82,6,131.1,4,2012
Alfred Morris,WAS,24,RB,16,16,335,1613,13,86,39,4.8,100.8,4,2012
Doug Martin,TAM,23,RB,16,16,319,1454,11,64,70,4.6,90.9,1,2012
Marshawn Lynch,SEA,26,RB,16,15,315,1590,11,70,77,5,99.4,5,2012
Stevan Ridley,NWE,23,RB,16,12,290,1263,12,83,41,4.4,78.9,4,2012
Jamaal Charles,KAN,26,RB,16,15,285,1509,5,63,91,5.3,94.3,5,2012
BenJarvus Green-Ellis,CIN,27,RB,15,15,278,1094,6,55,48,3.9,72.9,3,2012
Shonn Greene,NYJ,27,RB,16,14,276,1063,8,52,36,3.9,66.4,4,2012
Chris Johnson,TEN,27,RB,16,15,276,1243,6,46,94,4.5,77.7,5,2012
Trent Richardson,CLE,22,RB,15,15,267,950,11,38,32,3.6,63.3,3,2012
Frank Gore,SFO,29,RB,16,16,258,1214,8,68,37,4.7,75.9,3,2012
Steven Jackson,STL,29,RB,16,16,258,1045,4,49,46,4.1,65.3,0,2012
Ray Rice,BAL,25,RB,16,16,257,1143,9,52,46,4.4,71.4,1,2012
Matt Forte,CHI,27,RB,15,15,248,1094,5,45,46,4.4,72.9,2,2012
Reggie Bush,MIA,27,RB,16,16,227,986,6,43,65,4.3,61.6,4,2012
Michael Turner,ATL,30,RB,16,16,222,800,10,40,43,3.6,50,3,2012
Ahmad Bradshaw,NYG,26,RB,14,12,221,1015,6,58,37,4.6,72.5,3,2012
Darren McFadden,OAK,25,RB,12,12,216,707,2,35,64,3.3,58.9,2,2012
Mikel Leshoure,DET,22,RB,14,14,215,798,9,47,16,3.7,57,3,2012
Vick Ballard,IND,22,RB,16,12,211,814,2,52,26,3.9,50.9,3,2012
C.J. Spiller,BUF,25,RB,16,9,207,1244,6,53,62,6,77.8,3,2012
LeSean McCoy,PHI,24,RB,12,12,200,840,2,45,34,4.2,70,4,2012
Ryan Mathews,SDG,25,RB,12,9,184,707,1,35,31,3.8,58.9,2,2012
DeAngelo Williams,CAR,29,RB,16,10,173,737,5,34,65,4.3,46.1,2,2012
Willis McGahee,DEN,31,RB,10,9,167,731,4,44,31,4.4,73.1,5,2012
DeMarco Murray,DAL,24,RB,10,10,161,663,4,39,48,4.1,66.3,3,2012
Jonathan Dwyer,PIT,23,RB,13,6,156,623,2,29,34,4,47.9,2,2012
Mark Ingram,NOR,23,RB,16,5,156,602,5,29,31,3.9,37.6,0,2012
Maurice Jones-Drew,JAX,26,RB,16,16,343,1606,8,76,56,4.7,100.4,6,2011
Michael Turner,ATL,29,RB,16,15,301,1340,11,63,81,4.5,83.8,3,2011
Ray Rice,BAL,24,RB,16,16,291,1364,12,54,70,4.7,85.3,2,2011
Marshawn Lynch,SEA,25,RB,15,15,285,1204,12,65,47,4.2,80.3,3,2011
Frank Gore,SFO,28,RB,16,15,282,1211,8,55,55,4.3,75.7,2,2011
Arian Foster,HOU,25,RB,13,13,278,1224,10,58,43,4.4,94.2,6,2011
Cedric Benson,CIN,29,RB,15,15,273,1067,6,51,42,3.9,71.1,5,2011
LeSean McCoy,PHI,23,RB,15,15,273,1309,17,85,60,4.8,87.3,1,2011
Chris Johnson,TEN,26,RB,16,16,262,1047,4,47,48,4,65.4,3,2011
Steven Jackson,STL,28,RB,15,15,260,1145,5,51,47,4.4,76.3,2,2011
Michael Bush,OAK,27,RB,16,9,256,977,7,56,44,3.8,61.1,1,2011
Shonn Greene,NYJ,26,RB,16,15,253,1054,6,46,31,4.2,65.9,1,2011
Willis McGahee,DEN,30,RB,15,14,249,1199,4,53,60,4.8,79.9,4,2011
Beanie Wells,ARI,23,RB,14,14,245,1047,10,48,71,4.3,74.8,4,2011
Rashard Mendenhall,PIT,24,RB,15,15,228,928,9,46,68,4.1,61.9,1,2011
Ryan Mathews,SDG,24,RB,14,14,222,1091,6,51,39,4.9,77.9,5,2011
Reggie Bush,MIA,26,RB,15,15,216,1086,6,41,76,5,72.4,4,2011
Adrian Peterson,MIN,26,RB,12,12,208,970,12,48,54,4.7,80.8,1,2011
Matt Forte,CHI,26,RB,12,12,203,997,3,41,46,4.9,83.1,2,2011
LeGarrette Blount,TAM,25,RB,14,14,184,781,5,32,54,4.2,55.8,5,2011
BenJarvus Green-Ellis,NWE,26,RB,16,6,181,667,11,42,18,3.7,41.7,0,2011
Ben Tate,HOU,23,RB,15,2,175,942,4,53,56,5.4,62.8,4,2011
Ahmad Bradshaw,NYG,25,RB,12,9,171,659,9,41,37,3.9,54.9,1,2011
Fred Jackson,BUF,30,RB,10,10,170,934,6,38,80,5.5,93.4,2,2011
Daniel Thomas,MIA,24,RB,13,2,165,581,0,25,28,3.5,44.7,2,2011
DeMarco Murray,DAL,23,RB,13,7,164,897,2,42,91,5.5,69,1,2011
Peyton Hillis,CLE,25,RB,10,9,161,587,3,33,24,3.6,58.7,2,2011
DeAngelo Williams,CAR,28,RB,16,14,155,836,7,33,74,5.4,52.3,0,2011
Thomas Jones,KAN,33,RB,16,8,153,478,0,19,26,3.1,29.9,0,2011
Michael Turner,ATL,28,RB,16,15,334,1371,12,75,55,4.1,85.7,2,2010
Steven Jackson,STL,27,RB,16,16,330,1241,6,60,42,3.8,77.6,1,2010
Arian Foster,HOU,24,RB,16,13,327,1616,16,90,74,4.9,101,3,2010
Rashard Mendenhall,PIT,23,RB,16,16,324,1273,13,61,50,3.9,79.6,2,2010
Cedric Benson,CIN,28,RB,16,16,321,1111,7,59,26,3.5,69.4,7,2010
Chris Johnson,TEN,25,RB,16,16,316,1364,11,57,76,4.3,85.3,3,2010
Ray Rice,BAL,23,RB,16,14,307,1220,5,53,50,4,76.3,0,2010
Maurice Jones-Drew,JAX,25,RB,14,14,299,1324,5,74,37,4.4,94.6,2,2010
Adrian Peterson,MIN,25,RB,15,15,283,1298,12,71,80,4.6,86.5,1,2010
Ahmad Bradshaw,NYG,24,RB,16,11,276,1235,8,53,48,4.5,77.2,7,2010
Peyton Hillis,CLE,24,RB,16,14,270,1177,11,58,48,4.4,73.6,8,2010
Thomas Jones,KAN,32,RB,16,10,245,896,6,39,70,3.7,56,3,2010
Matt Forte,CHI,25,RB,16,16,237,1069,6,43,68,4.5,66.8,3,2010
Jamaal Charles,KAN,24,RB,16,6,230,1467,5,70,80,6.4,91.7,3,2010
BenJarvus Green-Ellis,NWE,25,RB,16,11,229,1008,13,65,33,4.4,63,0,2010
Darren McFadden,OAK,23,RB,13,13,223,1157,7,46,57,5.2,89,4,2010
Fred Jackson,BUF,29,RB,16,13,222,927,5,40,39,4.2,57.9,5,2010
LaDainian Tomlinson,NYJ,31,RB,15,13,219,914,6,43,31,4.2,60.9,3,2010
LeSean McCoy,PHI,22,RB,15,13,207,1080,7,46,62,5.2,72,2,2010
Frank Gore,SFO,27,RB,11,11,203,853,3,42,64,4.2,77.5,4,2010
Marshawn Lynch,2TM,24,RB,16,14,202,737,6,0,39,3.6,46.1,4,2010
LeGarrette Blount,TAM,24,RB,13,7,201,1007,6,38,53,5,77.5,4,2010
Ronnie Brown,MIA,29,RB,16,16,200,734,5,40,51,3.7,45.9,3,2010
Brandon Jackson,GNB,25,RB,16,13,190,703,3,30,71,3.7,43.9,1,2010
Shonn Greene,NYJ,25,RB,15,2,185,766,2,41,23,4.1,51.1,3,2010
Felix Jones,DAL,23,RB,16,7,185,800,1,41,34,4.3,50,2,2010
Knowshon Moreno,DEN,23,RB,13,13,182,779,5,35,35,4.3,59.9,3,2010
Mike Tolbert,SDG,25,RB,15,4,182,735,11,43,36,4,49,5,2010
Jonathan Stewart,CAR,23,RB,14,7,178,770,2,32,48,4.3,55,4,2010
Chris Johnson,TEN,24,RB,16,16,358,2006,14,80,91,5.6,125.4,3,2009
Thomas Jones,NYJ,31,RB,16,16,331,1402,14,66,71,4.2,87.6,2,2009
Steven Jackson,STL,26,RB,15,15,324,1416,4,59,58,4.4,94.4,2,2009
Adrian Peterson,MIN,24,RB,16,15,314,1383,18,76,64,4.4,86.4,7,2009
Maurice Jones-Drew,JAX,24,RB,16,16,312,1391,15,69,80,4.5,86.9,2,2009
Cedric Benson,CIN,27,RB,13,13,301,1251,6,57,42,4.2,96.2,1,2009
Ryan Grant,GNB,27,RB,16,16,282,1253,11,64,62,4.4,78.3,1,2009
Matt Forte,CHI,24,RB,16,16,258,929,4,41,61,3.6,58.1,6,2009
Ray Rice,BAL,22,RB,16,15,254,1339,7,53,59,5.3,83.7,3,2009
Knowshon Moreno,DEN,22,RB,16,9,247,947,7,53,36,3.8,59.2,4,2009
Rashard Mendenhall,PIT,22,RB,16,12,242,1108,7,50,60,4.6,69.3,3,2009
Ricky Williams,MIA,32,RB,16,7,241,1121,11,55,68,4.7,70.1,5,2009
Fred Jackson,BUF,28,RB,16,11,237,1062,2,44,43,4.5,66.4,4,2009
Frank Gore,SFO,26,RB,14,14,229,1120,10,47,80,4.9,80,4,2009
Brandon Jacobs,NYG,27,RB,15,15,224,835,5,44,31,3.7,55.7,2,2009
LaDainian Tomlinson,SDG,30,RB,14,14,223,730,12,40,36,3.3,52.1,2,2009
Jonathan Stewart,CAR,22,RB,16,3,221,1133,10,54,67,5.1,70.8,3,2009
Joseph Addai,IND,26,RB,15,15,219,828,10,44,21,3.8,55.2,1,2009
Kevin Smith,DET,23,RB,13,13,217,747,4,41,31,3.4,57.5,3,2009
DeAngelo Williams,CAR,26,RB,13,13,216,1117,7,51,77,5.2,85.9,3,2009
Marion Barber III,DAL,26,RB,15,15,214,932,7,60,35,4.4,62.1,2,2009
Cadillac Williams,TAM,27,RB,16,15,211,823,4,43,35,3.9,51.4,1,2009
Jerome Harrison,CLE,26,RB,14,7,194,862,5,39,71,4.4,61.6,2,2009
Laurence Maroney,NWE,24,RB,15,5,194,757,9,45,45,3.9,50.5,4,2009
Jamaal Charles,KAN,23,RB,15,10,190,1120,7,54,76,5.9,74.7,4,2009
Larry Johnson,2TM,30,RB,14,7,178,581,0,0,27,3.3,41.5,2,2009
Michael Turner,ATL,27,RB,11,11,178,871,10,43,58,4.9,79.2,4,2009
Julius Jones,SEA,28,RB,14,14,177,663,2,33,62,3.7,47.4,0,2009
Beanie Wells,ARI,21,RB,16,0,176,793,7,39,33,4.5,49.6,4,2009
Michael Turner,ATL,26,RB,16,16,376,1699,17,85,70,4.5,106.2,3,2008
Adrian Peterson,MIN,23,RB,16,15,363,1760,10,82,67,4.8,110,9,2008
Clinton Portis,WAS,27,RB,16,16,342,1487,9,78,31,4.3,92.9,3,2008
Matt Forte,CHI,23,RB,16,16,316,1238,8,65,50,3.9,77.4,1,2008
Ryan Grant,GNB,26,RB,16,14,312,1203,4,54,57,3.9,75.2,4,2008
LaDainian Tomlinson,SDG,29,RB,16,16,292,1110,11,52,45,3.8,69.4,1,2008
Thomas Jones,NYJ,30,RB,16,14,290,1312,13,63,59,4.5,82,2,2008
Jamal Lewis,CLE,29,RB,16,16,279,1002,4,43,29,3.6,62.6,2,2008
DeAngelo Williams,CAR,25,RB,16,16,273,1515,18,65,69,5.5,94.7,0,2008
Steve Slaton,HOU,22,RB,16,15,268,1282,9,62,71,4.8,80.1,3,2008
Steven Jackson,STL,25,RB,12,11,253,1042,7,57,56,4.1,86.8,5,2008
Chris Johnson,TEN,23,RB,15,14,251,1228,9,54,66,4.9,81.9,1,2008
Marshawn Lynch,BUF,22,RB,15,15,250,1036,8,53,50,4.1,69.1,2,2008
Frank Gore,SFO,25,RB,14,14,240,1036,6,44,41,4.3,74,6,2008
Marion Barber III,DAL,25,RB,15,13,238,885,7,57,35,3.7,59,7,2008
Kevin Smith,DET,22,RB,16,12,238,976,8,51,50,4.1,61,2,2008
Brian Westbrook,PHI,29,RB,14,14,233,936,9,49,39,4,66.9,2,2008
Le'Ron McClain,BAL,24,RB,16,16,232,902,10,53,82,3.9,56.4,4,2008
Brandon Jacobs,NYG,26,RB,13,13,219,1089,15,58,44,5,83.8,3,2008
Justin Fargas,OAK,28,RB,14,14,218,853,1,33,42,3.9,60.9,3,2008
Cedric Benson,CIN,26,RB,12,10,214,747,2,36,46,3.5,62.3,2,2008
Ronnie Brown,MIA,27,RB,16,13,214,916,10,49,62,4.3,57.3,1,2008
Willie Parker,PIT,28,RB,11,11,210,791,5,29,34,3.8,71.9,0,2008
LenDale White,TEN,24,RB,16,2,200,773,15,43,80,3.9,48.3,1,2008
Maurice Jones-Drew,JAX,23,RB,16,3,197,824,12,49,46,4.2,51.5,6,2008
Larry Johnson,KAN,29,RB,12,12,193,874,5,44,65,4.5,72.8,5,2008
Warrick Dunn,TAM,33,RB,15,6,186,786,2,31,40,4.2,52.4,0,2008
Jonathan Stewart,CAR,21,RB,16,0,184,836,10,42,41,4.5,52.3,2,2008
Derrick Ward,NYG,28,RB,16,3,182,1025,2,53,51,5.6,64.1,2,2008
Clinton Portis,WAS,26,RB,16,16,325,1262,11,61,32,3.9,78.9,6,2007
Edgerrin James,ARI,29,RB,16,16,324,1222,7,57,27,3.8,76.4,5,2007
Willie Parker,PIT,27,RB,15,15,321,1316,2,48,32,4.1,87.7,4,2007
LaDainian Tomlinson,SDG,28,RB,16,16,315,1474,15,75,49,4.7,92.1,0,2007
Thomas Jones,NYJ,29,RB,16,14,310,1119,1,57,36,3.6,69.9,2,2007
LenDale White,TEN,23,RB,16,16,303,1110,7,60,28,3.7,69.4,5,2007
Jamal Lewis,CLE,28,RB,15,15,298,1304,9,59,66,4.4,86.9,4,2007
Willis McGahee,BAL,26,RB,15,15,294,1207,7,57,46,4.1,80.5,4,2007
Marshawn Lynch,BUF,21,RB,13,13,280,1115,7,55,56,4,85.8,2,2007
Brian Westbrook,PHI,28,RB,15,15,278,1333,7,74,36,4.8,88.9,2,2007
Joseph Addai,IND,24,RB,15,15,261,1072,12,66,23,4.1,71.5,0,2007
Frank Gore,SFO,24,RB,15,15,260,1102,5,42,43,4.2,73.5,4,2007
DeShaun Foster,CAR,27,RB,16,16,247,876,3,43,20,3.5,54.8,7,2007
Adrian Peterson,MIN,22,RB,14,9,238,1341,12,63,73,5.6,95.8,4,2007
Steven Jackson,STL,24,RB,12,12,237,1002,5,37,54,4.2,83.5,5,2007
Warrick Dunn,ATL,32,RB,16,15,227,720,4,36,38,3.2,45,2,2007
Fred Taylor,JAX,31,RB,15,15,223,1202,5,45,80,5.4,80.1,2,2007
Justin Fargas,OAK,27,RB,14,7,222,1009,4,52,48,4.5,72.1,3,2007
Earnest Graham,TAM,27,RB,15,10,222,898,10,47,28,4,59.9,1,2007
Shaun Alexander,SEA,30,RB,13,10,207,716,4,39,25,3.5,55.1,2,2007
Marion Barber III,DAL,24,RB,16,0,204,975,10,54,54,4.8,60.9,3,2007
Brandon Jacobs,NYG,25,RB,11,9,202,1009,4,52,43,5,91.7,5,2007
Cedric Benson,CHI,25,RB,11,11,196,674,4,34,43,3.4,61.3,3,2007
Ron Dayne,HOU,29,RB,13,8,194,773,6,44,39,4,59.5,1,2007
Ryan Grant,GNB,25,RB,15,7,188,956,8,38,66,5.1,63.7,1,2007
Laurence Maroney,NWE,22,RB,13,6,185,835,6,48,59,4.5,64.2,0,2007
Kenny Watson,CIN,29,RB,16,5,178,763,7,42,24,4.3,47.7,3,2007
Rudi Johnson,CIN,28,RB,11,9,170,497,3,27,22,2.9,45.2,3,2007
Travis Henry,DEN,29,RB,12,7,167,691,4,37,33,4.1,57.6,3,2007
Larry Johnson,KAN,27,RB,16,16,416,1789,17,91,47,4.3,111.8,2,2006
LaDainian Tomlinson,SDG,27,RB,16,16,348,1815,28,83,85,5.2,113.4,2,2006
Steven Jackson,STL,23,RB,16,16,346,1528,13,73,59,4.4,95.5,4,2006
Rudi Johnson,CIN,27,RB,16,15,341,1309,12,70,22,3.8,81.8,6,2006
Edgerrin James,ARI,28,RB,16,16,337,1159,6,61,18,3.4,72.4,3,2006
Willie Parker,PIT,26,RB,16,16,337,1494,13,72,76,4.4,93.4,7,2006
Tiki Barber,NYG,31,RB,16,16,327,1662,5,79,55,5.1,103.9,3,2006
Jamal Lewis,BAL,27,RB,16,16,314,1132,9,48,52,3.6,70.8,4,2006
Frank Gore,SFO,23,RB,16,16,312,1695,8,67,72,5.4,105.9,6,2006
Chester Taylor,MIN,27,RB,15,15,303,1216,6,54,95,4,81.1,5,2006
Thomas Jones,CHI,28,RB,16,16,296,1210,6,63,30,4.1,75.6,1,2006
Warrick Dunn,ATL,31,RB,16,16,286,1140,4,48,90,4,71.3,1,2006
Travis Henry,TEN,28,RB,14,13,270,1211,7,50,70,4.5,86.5,3,2006
Julius Jones,DAL,25,RB,16,16,267,1084,4,48,77,4.1,67.8,1,2006
Ahman Green,GNB,29,RB,14,14,266,1059,5,55,70,4,75.6,4,2006
Willis McGahee,BUF,25,RB,14,14,259,990,6,50,57,3.8,70.7,4,2006
Shaun Alexander,SEA,29,RB,10,10,252,896,7,54,33,3.6,89.6,6,2006
Ladell Betts,WAS,27,RB,16,9,245,1154,4,60,26,4.7,72.1,6,2006
Deuce McAllister,NOR,28,RB,15,13,244,1057,10,53,57,4.3,70.5,3,2006
Ronnie Brown,MIA,25,RB,13,12,241,1008,5,50,47,4.2,77.5,4,2006
Brian Westbrook,PHI,27,RB,15,14,240,1217,7,60,71,5.1,81.1,2,2006
Tatum Bell,DEN,25,RB,13,13,233,1025,2,47,51,4.4,78.8,5,2006
Fred Taylor,JAX,30,RB,15,15,231,1146,5,47,76,5,76.4,3,2006
DeShaun Foster,CAR,26,RB,14,14,227,897,3,49,43,4,64.1,4,2006
Joseph Addai,IND,23,RB,16,0,226,1081,7,67,41,4.8,67.6,2,2006
Cadillac Williams,TAM,24,RB,14,14,225,798,1,32,38,3.5,57,3,2006
Reuben Droughns,CLE,28,RB,14,12,220,758,4,38,22,3.4,54.1,5,2006
Corey Dillon,NWE,32,RB,16,13,199,812,13,49,50,4.1,50.8,2,2006
Dominic Rhodes,IND,27,RB,16,16,187,641,5,40,17,3.4,40.1,3,2006
Shaun Alexander,SEA,28,RB,16,16,370,1880,27,109,88,5.1,117.5,5,2005
Edgerrin James,IND,27,RB,15,15,360,1506,13,97,33,4.2,100.4,2,2005
Tiki Barber,NYG,30,RB,16,16,357,1860,9,74,95,5.2,116.3,1,2005
Clinton Portis,WAS,24,RB,16,16,352,1516,11,76,47,4.3,94.8,3,2005
LaDainian Tomlinson,SDG,26,RB,16,16,339,1462,18,72,62,4.3,91.4,3,2005
Rudi Johnson,CIN,26,RB,16,14,337,1458,12,80,33,4.3,91.1,1,2005
Larry Johnson,KAN,26,RB,16,9,336,1750,20,99,49,5.2,109.4,5,2005
Willis McGahee,BUF,24,RB,16,15,325,1247,5,71,27,3.8,77.9,1,2005
Thomas Jones,CHI,27,RB,15,15,314,1335,9,63,42,4.3,89,2,2005
Reuben Droughns,CLE,27,RB,16,16,309,1232,2,61,75,4,77,6,2005
Cadillac Williams,TAM,23,RB,14,14,290,1178,6,59,71,4.1,84.1,3,2005
Warrick Dunn,ATL,30,RB,16,16,280,1416,3,67,65,5.1,88.5,3,2005
LaMont Jordan,OAK,27,RB,14,14,272,1025,9,62,26,3.8,73.2,2,2005
Jamal Lewis,BAL,26,RB,15,15,269,906,3,49,25,3.4,60.4,5,2005
Julius Jones,DAL,24,RB,13,12,257,993,5,48,51,3.9,76.4,4,2005
Willie Parker,PIT,25,RB,15,15,255,1202,4,48,80,4.7,80.1,4,2005
Steven Jackson,STL,22,RB,15,15,254,1046,8,50,51,4.1,69.7,3,2005
Mike Anderson,DEN,32,RB,15,15,239,1014,12,61,44,4.2,67.6,2,2005
Domanick Williams,HOU,25,RB,11,11,230,976,2,39,44,4.2,88.7,2,2005
Chris Brown,TEN,24,RB,15,14,224,851,5,37,38,3.8,56.7,4,2005
Curtis Martin,NYJ,32,RB,12,12,220,735,5,37,49,3.3,61.3,2,2005
Corey Dillon,NWE,31,RB,12,10,209,733,12,51,29,3.5,61.1,1,2005
Ronnie Brown,MIA,24,RB,15,14,207,907,4,42,65,4.4,60.5,4,2005
DeShaun Foster,CAR,25,RB,15,5,205,879,2,38,70,4.3,58.6,2,2005
Fred Taylor,JAX,29,RB,11,11,194,787,3,29,71,4.1,71.5,0,2005
Kevin Jones,DET,23,RB,13,13,186,664,5,29,40,3.6,51.1,2,2005
Stephen Davis,CAR,31,RB,13,11,180,549,12,32,39,3.1,42.2,2,2005
Kevan Barlow,SFO,26,RB,12,12,176,581,3,20,29,3.3,48.4,2,2005
Tatum Bell,DEN,24,RB,15,1,173,921,8,42,68,5.3,61.4,3,2005
Curtis Martin,NYJ,31,RB,16,16,371,1697,12,93,25,4.6,106.1,2,2004
Rudi Johnson,CIN,25,RB,16,16,361,1454,12,74,52,4,90.9,4,2004
Shaun Alexander,SEA,27,RB,16,16,353,1696,16,78,44,4.8,106,5,2004
Corey Dillon,NWE,30,RB,15,14,345,1635,12,84,44,4.7,109,5,2004
Clinton Portis,WAS,23,RB,15,15,343,1315,5,67,64,3.8,87.7,5,2004
LaDainian Tomlinson,SDG,25,RB,15,15,339,1335,17,74,42,3.9,89,6,2004
Edgerrin James,IND,26,RB,16,16,334,1548,9,78,40,4.6,96.8,6,2004
Tiki Barber,NYG,29,RB,16,14,322,1518,13,82,72,4.7,94.9,5,2004
Domanick Williams,HOU,24,RB,15,15,302,1188,13,57,44,3.9,79.2,4,2004
Willis McGahee,BUF,23,RB,16,11,284,1128,13,65,41,4,70.5,4,2004
Reuben Droughns,DEN,26,RB,16,15,275,1240,6,72,51,4.5,77.5,5,2004
Deuce McAllister,NOR,26,RB,14,14,269,1074,9,54,71,4,76.7,5,2004
Emmitt Smith,ARI,35,RB,15,15,267,937,9,43,29,3.5,62.5,4,2004
Warrick Dunn,ATL,29,RB,16,16,265,1106,9,47,60,4.2,69.1,3,2004
Fred Taylor,JAX,28,RB,14,14,260,1224,2,49,46,4.7,87.4,3,2004
Ahman Green,GNB,27,RB,15,15,259,1163,7,58,90,4.5,77.5,7,2004
Jerome Bettis,PIT,32,RB,15,6,250,941,13,50,29,3.8,62.7,1,2004
Kevan Barlow,SFO,25,RB,15,14,244,822,7,45,60,3.4,54.8,2,2004
Kevin Jones,DET,22,RB,15,14,241,1133,5,59,74,4.7,75.5,2,2004
Thomas Jones,CHI,26,RB,14,14,240,948,7,49,54,4,67.7,2,2004
Jamal Lewis,BAL,25,RB,12,12,235,1006,7,51,75,4.3,83.8,2,2004
Chris Brown,TEN,23,RB,11,11,220,1067,6,40,52,4.9,97,6,2004
Michael Pittman,TAM,29,RB,13,13,219,926,7,41,78,4.2,71.2,6,2004
Nick Goings,CAR,26,RB,16,8,217,821,6,42,57,3.8,51.3,1,2004
Lee Suggs,CLE,24,RB,10,3,199,744,2,39,39,3.7,74.4,6,2004
Julius Jones,DAL,23,RB,8,7,197,819,7,44,53,4.2,102.4,3,2004
Priest Holmes,KAN,31,RB,8,8,196,892,14,59,33,4.6,111.5,4,2004
Marshall Faulk,STL,31,RB,14,14,195,774,3,46,40,4,55.3,2,2004
Duce Staley,PIT,29,RB,10,10,192,830,1,38,38,4.3,83,3,2004
Ricky Williams,MIA,26,RB,16,16,392,1372,9,68,45,3.5,85.8,7,2003
Jamal Lewis,BAL,24,RB,16,16,387,2066,14,85,82,5.3,129.1,8,2003
Ahman Green,GNB,26,RB,16,16,355,1883,15,100,98,5.3,117.7,7,2003
Deuce McAllister,NOR,25,RB,16,16,351,1641,8,69,76,4.7,102.6,6,2003
Fred Taylor,JAX,27,RB,16,16,345,1572,6,79,62,4.6,98.3,6,2003
Travis Henry,BUF,25,RB,15,15,331,1356,10,77,64,4.1,90.4,7,2003
Shaun Alexander,SEA,26,RB,16,15,326,1435,14,81,55,4.4,89.7,4,2003
Curtis Martin,NYJ,30,RB,16,16,323,1308,2,57,56,4,81.8,2,2003
Priest Holmes,KAN,30,RB,16,16,320,1420,27,90,31,4.4,88.8,1,2003
Stephen Davis,CAR,29,RB,14,14,318,1444,8,69,40,4.5,103.1,3,2003
LaDainian Tomlinson,SDG,24,RB,16,16,313,1645,13,83,73,5.3,102.8,2,2003
Eddie George,TEN,30,RB,16,16,312,1031,5,52,27,3.3,64.4,1,2003
Edgerrin James,IND,25,RB,13,13,310,1259,11,84,43,4.1,96.8,5,2003
Clinton Portis,DEN,22,RB,13,13,290,1591,14,79,65,5.5,122.4,3,2003
Tiki Barber,NYG,28,RB,16,16,278,1216,2,68,27,4.4,76,9,2003
Troy Hambrick,DAL,27,RB,16,16,275,972,5,58,42,3.5,60.8,4,2003
Jerome Bettis,PIT,31,RB,16,10,246,811,7,44,21,3.3,50.7,5,2003
Anthony Thomas,CHI,26,RB,13,13,244,1024,6,47,67,4.2,78.8,1,2003
Domanick Williams,HOU,23,RB,14,10,238,1031,8,48,51,4.3,73.6,4,2003
Marcel Shipp,ARI,25,RB,16,11,228,830,0,37,36,3.6,51.9,3,2003
Rudi Johnson,CIN,24,RB,13,5,215,957,9,51,54,4.5,73.6,0,2003
Marshall Faulk,STL,30,RB,11,11,209,818,10,51,52,3.9,74.4,0,2003
Kevan Barlow,SFO,24,RB,16,4,201,1024,6,44,78,5.1,64,5,2003
T.J. Duckett,ATL,22,RB,16,10,197,779,11,39,55,4,48.7,3,2003
Michael Pittman,TAM,28,RB,16,13,187,751,0,39,17,4,46.9,4,2003
Antowain Smith,NWE,31,RB,13,6,182,642,3,31,30,3.5,49.4,1,2003
Kevin Faulk,NWE,27,RB,15,8,178,638,0,30,23,3.6,42.5,4,2003
Garrison Hearst,SFO,32,RB,12,12,178,768,3,41,36,4.3,64,2,2003
Moe Williams,MIN,29,RB,16,7,174,745,5,43,61,4.3,46.6,2,2003
Ricky Williams,MIA,25,RB,16,16,383,1853,16,94,63,4.8,115.8,7,2002
LaDainian Tomlinson,SDG,23,RB,16,16,372,1683,14,96,76,4.5,105.2,3,2002
Eddie George,TEN,29,RB,16,16,343,1165,12,62,35,3.4,72.8,1,2002
Travis Henry,BUF,24,RB,16,16,325,1438,13,78,34,4.4,89.9,11,2002
Deuce McAllister,NOR,24,RB,15,15,325,1388,13,68,62,4.3,92.5,4,2002
Corey Dillon,CIN,28,RB,16,16,314,1311,7,72,67,4.2,81.9,5,2002
Priest Holmes,KAN,29,RB,14,14,313,1615,21,105,56,5.2,115.4,1,2002
Jamal Lewis,BAL,23,RB,16,15,308,1327,6,66,75,4.3,82.9,8,2002
Tiki Barber,NYG,27,RB,16,15,304,1387,11,71,70,4.6,86.7,9,2002
Shaun Alexander,SEA,25,RB,16,16,295,1175,16,64,58,4,73.4,3,2002
Fred Taylor,JAX,26,RB,16,16,287,1314,8,50,63,4.6,82.1,3,2002
Ahman Green,GNB,25,RB,14,14,286,1240,7,57,43,4.3,88.6,4,2002
Edgerrin James,IND,24,RB,14,14,277,989,2,59,20,3.6,70.6,4,2002
Clinton Portis,DEN,21,RB,16,12,273,1508,15,82,59,5.5,94.3,5,2002
Duce Staley,PHI,27,RB,16,16,269,1029,5,58,57,3.8,64.3,3,2002
Curtis Martin,NYJ,29,RB,16,16,261,1094,7,55,35,4.2,68.4,0,2002
Michael Bennett,MIN,24,RB,16,16,255,1296,5,47,85,5.1,81,4,2002
Emmitt Smith,DAL,33,RB,16,16,254,975,5,50,30,3.8,60.9,3,2002
Antowain Smith,NWE,30,RB,16,15,252,982,6,58,42,3.9,61.4,2,2002
William Green,CLE,23,RB,16,10,243,887,6,39,64,3.7,55.4,4,2002
James Stewart,DET,31,RB,14,9,231,1021,4,47,56,4.4,72.9,0,2002
Warrick Dunn,ATL,27,RB,15,14,230,927,7,39,59,4,61.8,4,2002
Garrison Hearst,SFO,31,RB,16,16,215,972,8,53,40,4.5,60.8,4,2002
Anthony Thomas,CHI,25,RB,12,12,214,721,6,35,34,3.4,60.1,5,2002
Marshall Faulk,STL,29,RB,14,10,212,953,8,54,44,4.5,68.1,4,2002
Lamar Smith,CAR,32,RB,11,11,209,737,7,32,59,3.5,67,2,2002
Stephen Davis,WAS,28,RB,12,12,207,820,7,49,33,4,68.3,4,2002
Michael Pittman,TAM,27,RB,16,15,204,718,1,37,21,3.5,44.9,3,2002
Jonathan Wells,HOU,23,RB,16,11,197,529,3,23,37,2.7,33.1,3,2002
Stephen Davis,WAS,27,RB,16,16,356,1432,5,75,32,4,89.5,6,2001
Corey Dillon,CIN,27,RB,16,16,340,1315,10,69,96,3.9,82.2,5,2001
LaDainian Tomlinson,SDG,22,RB,16,16,339,1236,10,68,54,3.6,77.3,8,2001
Curtis Martin,NYJ,28,RB,16,16,333,1513,10,78,47,4.5,94.6,2,2001
Priest Holmes,KAN,28,RB,16,16,327,1555,8,81,41,4.8,97.2,4,2001
Eddie George,TEN,28,RB,16,16,315,939,5,40,27,3,58.7,8,2001
Lamar Smith,MIA,31,RB,16,16,313,968,6,48,25,3.1,60.5,6,2001
Ricky Williams,NOR,24,RB,16,16,313,1245,6,61,46,4,77.8,8,2001
Shaun Alexander,SEA,24,RB,16,12,309,1318,14,64,88,4.3,82.4,4,2001
Ahman Green,GNB,24,RB,16,16,304,1387,9,57,83,4.6,86.7,5,2001
Antowain Smith,NWE,29,RB,16,15,287,1157,12,61,44,4,72.3,4,2001
Anthony Thomas,CHI,24,RB,14,10,278,1183,7,58,46,4.3,84.5,0,2001
Emmitt Smith,DAL,32,RB,14,14,261,1021,3,48,44,3.9,72.9,1,2001
Marshall Faulk,STL,28,RB,14,14,260,1382,12,70,71,5.3,98.7,3,2001
Garrison Hearst,SFO,30,RB,16,16,252,1206,4,53,43,4.8,75.4,1,2001
Michael Pittman,ARI,26,RB,15,14,241,846,5,42,42,3.5,56.4,5,2001
Maurice Smith,ATL,25,RB,16,12,237,760,5,38,58,3.2,47.5,1,2001
Dominic Rhodes,IND,22,RB,15,10,233,1104,9,58,77,4.7,73.6,6,2001
Jerome Bettis,PIT,29,RB,11,11,225,1072,4,46,48,4.8,97.5,3,2001
Travis Henry,BUF,23,RB,13,12,213,729,4,39,25,3.4,56.1,5,2001
Stacey Mack,JAX,26,RB,16,11,213,877,9,50,54,4.1,54.8,3,2001
Charlie Garner,OAK,29,RB,16,16,211,839,1,33,38,4,52.4,2,2001
James Jackson,CLE,25,RB,11,10,195,554,2,34,22,2.8,50.4,1,2001
Ron Dayne,NYG,23,rb,16,7,180,690,7,39,61,3.8,43.1,2,2001
Mike Anderson,DEN,28,rb,16,7,175,678,4,36,62,3.9,42.4,1,2001
Michael Bennett,MIN,23,RB,13,13,172,682,2,28,31,4,52.5,0,2001
Terry Allen,BAL,33,RB,11,8,168,658,3,32,26,3.9,59.8,1,2001
Terrell Davis,DEN,29,RB,8,8,167,701,0,39,57,4.2,87.6,2,2001
Tiki Barber,NYG,26,RB,14,9,166,865,4,40,36,5.2,61.8,8,2001
Eddie George,TEN,27,RB,16,16,403,1509,14,78,35,3.7,94.3,5,2000
Edgerrin James,IND,22,RB,16,16,387,1709,13,100,30,4.4,106.8,5,2000
Jerome Bettis,PIT,28,RB,16,16,355,1341,8,72,30,3.8,83.8,1,2000
James Stewart,DET,29,RB,16,16,339,1184,10,66,34,3.5,74,4,2000
Stephen Davis,WAS,26,RB,15,15,332,1318,11,72,50,4,87.9,4,2000
Curtis Martin,NYJ,27,RB,16,16,316,1204,9,64,55,3.8,75.3,2,2000
Corey Dillon,CIN,26,RB,16,16,315,1435,7,71,80,4.6,89.7,4,2000
Jamal Lewis,BAL,21,RB,16,13,309,1364,6,62,45,4.4,85.3,6,2000
Lamar Smith,MIA,30,RB,15,15,309,1139,14,65,68,3.7,75.9,3,2000
Mike Anderson,DEN,27,RB,16,12,297,1487,15,78,80,5,92.9,4,2000
Robert Smith,MIN,28,RB,16,16,295,1521,7,63,72,5.2,95.1,4,2000
Emmitt Smith,DAL,31,RB,16,16,294,1203,9,66,52,4.1,75.2,6,2000
Fred Taylor,JAX,24,RB,13,13,292,1399,12,73,71,4.8,107.6,4,2000
James Allen,CHI,25,RB,16,15,290,1120,2,56,29,3.9,70,5,2000
Jamal Anderson,ATL,28,RB,16,16,282,1024,6,52,42,3.6,64,6,2000
Ricky Watters,SEA,31,RB,16,16,278,1242,7,60,55,4.5,77.6,5,2000
Ahman Green,GNB,23,RB,16,11,263,1175,10,62,39,4.5,73.4,6,2000
Charlie Garner,SFO,28,RB,16,15,258,1142,7,57,42,4.4,71.4,4,2000
Marshall Faulk,STL,27,RB,14,14,253,1359,18,78,36,5.4,97.1,0,2000
Warrick Dunn,TAM,25,RB,16,14,248,1133,8,43,70,4.6,70.8,1,2000
Ricky Williams,NOR,23,RB,10,10,248,1000,8,56,26,4,100,6,2000
Tyrone Wheatley,OAK,28,RB,14,13,232,1046,9,52,80,4.5,74.7,4,2000
Ron Dayne,NYG,22,RB,16,4,228,770,5,48,50,3.4,48.1,1,2000
Tiki Barber,NYG,25,RB,16,12,213,1006,8,39,78,4.7,62.9,9,2000
Michael Pittman,ARI,25,RB,16,12,184,719,4,36,29,3.9,44.9,5,2000
Tim Biakabutuka,CAR,26,RB,12,11,173,627,2,29,43,3.6,52.3,4,2000
Travis Prentice,CLE,24,RB,16,11,173,512,7,30,17,3,32,2,2000
Kevin Faulk,NWE,24,RB,16,9,164,570,4,32,18,3.5,35.6,6,2000
Shawn Bryson,BUF,24,RB,16,7,161,591,0,32,24,3.7,36.9,1,2000